buset,-31.656363,-68.290306
1373,-31.656497982217555,-68.2900943836254
1407,-31.656395929565747,-68.29006832603258
61,-31.656392298519226,-68.29006769005086
67,-31.656377151304447,-68.29006187118846
1366,-31.656156359398206,-68.29002393608447
1,-31.696342605740902,-68.3360505710602
2,-31.6971875674732,-68.33068354471075
837,-31.69769441324624,-68.32749644463273
853,-31.669404602138638,-68.32082497742728
854,-31.669472140929603,-68.32037296835851
1364,-31.674880032788234,-68.32207103977868
829,-31.674897099780896,-68.32197039691403
831,-31.67903136842721,-68.32306859014598
3,-31.678995065567538,-68.3237434774526
835,-31.689063458234685,-68.3254282567825
4,-31.68901443485456,-68.32575825865472
836,-31.692205905833937,-68.32617697170687
825,-31.663121234752477,-68.31935133555633
820,-31.663031817837343,-68.31983963682369
5,-31.688550829009955,-68.31138823155584
839,-31.68811489362726,-68.31391296445622
840,-31.68858347621404,-68.31117311267225
1363,-31.651274823351955,-68.31659484210945
648,-31.65133317127423,-68.3162977677919
886,-31.690929568545663,-68.29758010909684
892,-31.69129535704657,-68.29768409851529
851,-31.677298065502196,-68.30833184827348
848,-31.67734434942277,-68.30807031575922
1294,-31.587639808722656,-68.32991137529162
6,-31.58750918893925,-68.32992766468591
229,-31.58737823856592,-68.32992569189942
1742,-31.588462824620333,-68.32489479211776
732,-31.59004835000813,-68.31677400218489
727,-31.589855488902806,-68.31672773264206
757,-31.593269680973894,-68.29553534092368
758,-31.593114886887783,-68.29550209810138
744,-31.5921476143024,-68.30262924800948
755,-31.59114724016804,-68.30240138010767
7,-31.588341077849208,-68.34535008930705
8,-31.587667748845423,-68.33476431026763
9,-31.587546269992824,-68.33440779138898
10,-31.58714295906664,-68.3337860224646
11,-31.58704091626636,-68.33346943370033
12,-31.58707736013641,-68.33332967829992
13,-31.587121092761624,-68.33321274010771
1293,-31.587376199332823,-68.33163835273969
749,-31.58315208791344,-68.33046775604252
753,-31.582266894527493,-68.33047408075704
1782,-31.602033938398453,-68.31976849199593
733,-31.598558149080635,-68.31886906428826
14,-31.60556535053715,-68.300152351238
739,-31.60460431285211,-68.30549193977293
756,-31.59224624895874,-68.30200566774559
15,-31.657790176838184,-68.33251930469596
823,-31.660796898047813,-68.33324030998865
16,-31.67182389548607,-68.33119868481704
17,-31.671374896844306,-68.33145595769848
18,-31.67066594667275,-68.33183847637365
19,-31.66767435094011,-68.33349136859528
20,-31.665540110231,-68.33391731952526
21,-31.66510997900712,-68.33394619755441
22,-31.664718079935884,-68.33391892386011
1749,-31.664476836125317,-68.33388433305828
654,-31.659519342723662,-68.318482172741
653,-31.654842716999777,-68.31741838342349
1423,-31.6392077458311,-68.31400889662855
668,-31.63968344299529,-68.31409696515247
76,-31.642134723889004,-68.30046550872117
671,-31.641892097115026,-68.30184955206205
657,-31.63851827603876,-68.32100202205986
658,-31.63734519194878,-68.32771664914429
660,-31.642129240997622,-68.32906995305275
664,-31.642020595060657,-68.3295938678218
642,-31.653641628910883,-68.30307284119868
644,-31.65357097775041,-68.30305769201242
1673,-31.598729651189696,-68.3383082963269
693,-31.59852489567161,-68.33945617674405
289,-31.691263470719655,-68.22715812625005
292,-31.69135887602183,-68.22666152639474
646,-31.65001222497009,-68.30220903300524
23,-31.647390307190484,-68.30156997291498
24,-31.58239548164644,-68.28954377874433
25,-31.584858226263908,-68.28707858472393
26,-31.585624328934703,-68.28729621378578
89,-31.588040903044885,-68.2878365934869
304,-31.70805392345836,-68.20171327696629
302,-31.708111589274843,-68.20170607714806
871,-31.707172557748468,-68.27300118715569
1724,-31.70711507484352,-68.27298794909626
312,-31.69496739452514,-68.20739210371455
310,-31.69526689457794,-68.2074349061337
1378,-31.688087980513256,-68.21219764252764
317,-31.688142401927717,-68.21187445266787
1288,-31.691184141376898,-68.2275913276302
1272,-31.70071659685232,-68.24279466637554
276,-31.70058965414563,-68.24276704361014
272,-31.698466687762632,-68.25645270386023
27,-31.701145651615438,-68.25700160595723
28,-31.667958384616917,-68.29226952186046
29,-31.67006187925077,-68.29268563336173
30,-31.674757478157385,-68.29364407301964
1812,-31.66764342617206,-68.22219502546238
353,-31.667974419650857,-68.2222650551778
382,-31.65146880645537,-68.24594686045236
1274,-31.65120614429657,-68.24588338619989
113,-31.651324731502317,-68.2466708693337
383,-31.65293670401503,-68.23851611003542
380,-31.653859292345462,-68.23322579305996
876,-31.710056673940013,-68.25674750805722
878,-31.710097536283374,-68.2567203270647
707,-31.604752996905216,-68.33577690427732
688,-31.604815400154795,-68.33602256775231
1414,-31.61195220954853,-68.33358209360277
705,-31.61155386505366,-68.33386586512817
381,-31.65394340326385,-68.23272413859391
1686,-31.65430728225729,-68.23279762149215
379,-31.653999805470143,-68.23238773468728
377,-31.65387878911376,-68.23216721223353
31,-31.611904845166737,-68.33408549825941
32,-31.61171751221217,-68.33414300022484
33,-31.61169322272742,-68.33462358767325
34,-31.611766091163,-68.33553057170055
35,-31.61218872696399,-68.3372874967345
36,-31.61302427715374,-68.34034785478885
37,-31.615071829193727,-68.34738411137793
686,-31.614683514800955,-68.31977340439568
38,-31.61420899226486,-68.31958623555388
39,-31.614714599282927,-68.31689053512498
40,-31.625499511858024,-68.3250793234761
717,-31.625015887304524,-68.32499655726609
719,-31.62545667077974,-68.32538299542225
729,-31.58988478125845,-68.31649852439969
41,-31.59155096527375,-68.3063597846093
743,-31.592102033000916,-68.30295762739506
1731,-31.580518503592668,-68.29993332745927
42,-31.58118462464567,-68.2961957649357
1719,-31.58001011939005,-68.29984121592707
376,-31.65624947404146,-68.21979989016305
371,-31.656776659882155,-68.21990659666653
369,-31.656578237348512,-68.21821165905014
1360,-31.657019296524247,-68.21818549822696
363,-31.641740646779493,-68.23345271321098
43,-31.641510108692103,-68.23340124587526
236,-31.66917514869317,-68.28391488821481
248,-31.668896681211116,-68.28386594371801
45,-31.600185245184857,-68.32986359962328
745,-31.601810446023464,-68.32088501455861
863,-31.70003517719932,-68.31415185709231
44,-31.69970072259657,-68.31607719015645
699,-31.5989946404804,-68.33666637964599
46,-31.59224547250492,-68.30265500993083
47,-31.592199680549516,-68.30297078520718
741,-31.59861932494265,-68.30448585726465
48,-31.686557170239176,-68.2521882015769
1734,-31.6862635721734,-68.2537611806581
1318,-31.676116779083408,-68.24449574252934
49,-31.67618972099285,-68.24454386379185
50,-31.68108671010733,-68.24559526376555
51,-31.69988029449364,-68.31414343175877
52,-31.697903245646767,-68.31362806430175
256,-31.677250330197545,-68.25191009959713
257,-31.677329538919118,-68.25136475784444
57,-31.68882050449647,-68.31123441596723
735,-31.602139638011067,-68.3191657252289
72,-31.640986060394315,-68.23779600287861
53,-31.64060717496096,-68.2400715207825
54,-31.640317651664667,-68.2409232242538
329,-31.678402628379065,-68.2309166363813
331,-31.678673126738467,-68.23097241241585
1706,-31.67750376969529,-68.25196045963006
1675,-31.703183910952244,-68.22963826384105
284,-31.70287871716463,-68.22957544626935
890,-31.69304763865981,-68.28467930858886
1340,-31.693191542503087,-68.28364722368737
271,-31.695492471561717,-68.27014824324176
55,-31.697110162493463,-68.2625080046788
56,-31.6984259779978,-68.25655171465267
1090,-31.66137063436815,-68.2584041410002
1539,-31.661049230566764,-68.25832495894065
964,-31.66079452218034,-68.26172043745463
351,-31.66771339805752,-68.22183439079636
1346,-31.66825605274519,-68.21863113696622
349,-31.66853747500788,-68.21868809234891
347,-31.668571358212528,-68.21673199037417
345,-31.668854567690104,-68.21678747070453
344,-31.669406800214382,-68.21211942664267
1494,-31.669533027096104,-68.21203386211182
230,-31.65660697527199,-68.28959830101834
58,-31.656597538143124,-68.28959599632076
1372,-31.656521172100163,-68.28997830108939
1504,-31.667798985584508,-68.29223799432702
87,-31.667702913686067,-68.29254410583533
955,-31.656782000731667,-68.28482716708145
1305,-31.65714125787064,-68.28490854086574
59,-31.656667783750425,-68.28479991211313
60,-31.6563539523792,-68.28456195299232
1369,-31.65641149638177,-68.28995803948818
953,-31.65650580965961,-68.28650392878419
956,-31.656164330745085,-68.28642131240883
967,-31.652725414255254,-68.28558535946875
62,-31.65255800498527,-68.28535645713968
970,-31.64745384623692,-68.28433654589638
1531,-31.64693284299842,-68.28469773501426
1533,-31.645666106644292,-68.28576811192457
973,-31.64561793587124,-68.28569553323496
74,-31.645719051575806,-68.28586970281954
1481,-31.655222440397967,-68.28220625599647
975,-31.655194744781145,-68.28236408960377
895,-31.65723564469353,-68.28295570006748
1498,-31.65718986339382,-68.28294036241599
957,-31.657115563586093,-68.28291548960605
1640,-31.65017638580424,-68.28100205094586
63,-31.649983464552587,-68.28216958886816
978,-31.64851701503463,-68.28061767707857
980,-31.64858236786688,-68.28025603690972
94,-31.657932409002047,-68.27701522458932
981,-31.6572297822288,-68.27685936424362
64,-31.65497590227088,-68.27697492051165
985,-31.655078640600777,-68.2763504158634
984,-31.6553932027048,-68.27642251019931
923,-31.662771676427163,-68.27684571903565
928,-31.6627406549604,-68.27701344736934
275,-31.669874339326174,-68.27842063347936
939,-31.66812946652552,-68.27805584649332
934,-31.66413570221556,-68.27718391888418
936,-31.664181217164064,-68.27688660201922
937,-31.664370266645548,-68.27565161872985
65,-31.664213542127868,-68.27561644340152
900,-31.658953632930253,-68.27312686183559
917,-31.658996899587816,-68.27313782103506
901,-31.659190806894344,-68.27187843932762
902,-31.65932384099163,-68.27190878780203
1413,-31.659649624419664,-68.26923301771059
66,-31.659667024143936,-68.26924861834753
910,-31.6597739174853,-68.26926938846196
912,-31.66319579190915,-68.269934294264
914,-31.663228184305407,-68.26974603185178
1367,-31.656396420913637,-68.28995419406681
1368,-31.656422463912847,-68.2898086463357
1501,-31.656100749165837,-68.28973112809177
227,-31.655962131000923,-68.28969772774369
228,-31.654431802212585,-68.28932899818813
68,-31.64989547724901,-68.28822106782435
69,-31.649706828043257,-68.28817406313507
1011,-31.64970266559048,-68.2881730173771
1012,-31.649717062585413,-68.28810463283583
1014,-31.647865281761767,-68.28771140941654
1016,-31.64784765130958,-68.28777072855605
70,-31.646068790341825,-68.28795067659608
1021,-31.646142603306693,-68.28805909031824
1015,-31.645294744266742,-68.28711864413083
1024,-31.64503535093037,-68.28733400594416
1485,-31.64408327570452,-68.28916109093568
1027,-31.644131882339103,-68.28917243867585
71,-31.685363700593552,-68.29632965031792
891,-31.690764874684834,-68.2975530746857
1653,-31.665481325541133,-68.30573585082097
857,-31.665455490482543,-68.30586512029907
858,-31.66314418762276,-68.31921998059177
362,-31.641047896427363,-68.23744011842865
983,-31.656112118697063,-68.27658695652613
73,-31.65648455072472,-68.27428063228834
997,-31.65633980290965,-68.27424473143516
75,-31.644379467016652,-68.28682417661086
1315,-31.644171602929354,-68.28722015348559
368,-31.65362514575309,-68.2326537349514
278,-31.70240016413402,-68.23268206069947
280,-31.702684073442185,-68.23273339941804
812,-31.642172168961487,-68.30021346375965
283,-31.70533000582728,-68.21591175967704
298,-31.705222154997305,-68.2158519860196
1005,-31.656427336330644,-68.27171872849773
1342,-31.657080965415133,-68.26797104998268
1004,-31.656364403514264,-68.27215730542886
1006,-31.65616209247817,-68.2721119849762
1000,-31.65635611347272,-68.2724225783185
1001,-31.656556348437544,-68.27245108315027
77,-31.59698860711007,-68.27349202910179
764,-31.59700626841704,-68.27321974578817
321,-31.680679262821112,-68.21988070053577
1376,-31.68170425245065,-68.21435935979855
78,-31.59692258618327,-68.27395544103051
79,-31.5968738503254,-68.27418137165446
80,-31.59679521130619,-68.27470387682095
81,-31.596706450961022,-68.27509042280657
82,-31.59664738508333,-68.27530514783027
83,-31.596476614589683,-68.27635595474494
84,-31.59617635897366,-68.27815318013634
85,-31.596295124068604,-68.27814864311286
86,-31.595250921192687,-68.28439707367023
762,-31.595184582658916,-68.28438147558454
673,-31.64153972674313,-68.3017737734049
842,-31.67920655353656,-68.29669500909336
844,-31.679275749587926,-68.29673627409707
862,-31.66754023773108,-68.29360152244838
1694,-31.59435736631287,-68.28922553715465
88,-31.5942197333604,-68.28927446440532
783,-31.61859932247275,-68.29466809385234
780,-31.618574135644323,-68.29481854886838
784,-31.628675248329834,-68.29706030275757
788,-31.62862584450841,-68.29735864646457
90,-31.63219697421751,-68.29794660944665
795,-31.63110048079978,-68.29766771345753
797,-31.630505337059105,-68.29750879179868
1443,-31.63054088619091,-68.29728301848675
815,-31.64165593416412,-68.30009231448167
1350,-31.633683626626546,-68.29834533188352
818,-31.638547828883365,-68.29950334529379
798,-31.62727682772553,-68.30244944190089
1496,-31.62748514662426,-68.30250129978309
91,-31.624610948129483,-68.30431726067368
683,-31.62502485435872,-68.30510465326172
1520,-31.649677193893496,-68.27388722851846
995,-31.649650803415337,-68.27405024368852
990,-31.650934885669628,-68.27416226196574
991,-31.650902581735807,-68.27437282603245
986,-31.65406528102085,-68.27610507647229
92,-31.654253940603763,-68.2749231183617
988,-31.652747970094044,-68.27458093121854
989,-31.652644105192525,-68.2745573355126
93,-31.65736209440904,-68.27602467065994
961,-31.658129221334097,-68.2770588878758
1040,-31.64115076891232,-68.28747871207472
95,-31.64082017667576,-68.28931903528101
1038,-31.64131701932851,-68.28891875136672
1713,-31.65805773558349,-68.2782044114309
943,-31.65781057620065,-68.2780911572097
96,-31.657302144223724,-68.2818659727346
958,-31.65749471934135,-68.28074484641188
963,-31.65854269771207,-68.2747274919083
1493,-31.660571217322687,-68.262927352019
97,-31.66347887805333,-68.26419727806552
909,-31.66081065607845,-68.26363431140145
1037,-31.64144146406659,-68.28587917126949
1039,-31.641389989043567,-68.28617071900439
1314,-31.64435669160323,-68.28637422472109
98,-31.64426626319144,-68.286567097054
1030,-31.64419331245407,-68.28655596331672
1031,-31.64324492381121,-68.2863348648438
99,-31.643153258785453,-68.28691015288821
811,-31.643422053998965,-68.29300408515518
100,-31.64348679027276,-68.29311139171915
101,-31.643352523630863,-68.29213858785921
810,-31.64356430201415,-68.2921824256459
1054,-31.61214581025712,-68.27915210317157
102,-31.612071335059383,-68.27913477236571
103,-31.6025697481658,-68.2768462798458
104,-31.601641269415094,-68.27640921641516
1053,-31.621008014500983,-68.28121720654508
1055,-31.621078276537187,-68.28081987965994
1066,-31.620963240179176,-68.28146748253212
105,-31.637445281700614,-68.25707108863497
1401,-31.637700806746366,-68.25713614293157
1404,-31.63699685581137,-68.25972116285827
1080,-31.63765765993808,-68.25589468358487
1388,-31.635164408425585,-68.27020826579263
1079,-31.635595993178207,-68.26777815106342
1385,-31.638204734734323,-68.271239563294
106,-31.635329921857675,-68.27055615329438
1387,-31.63510941547318,-68.27051745992357
1400,-31.623427591836396,-68.26737080829864
1390,-31.623543445506616,-68.26686492892912
1338,-31.625879938039567,-68.25343896683877
1086,-31.626632825352477,-68.24907991771933
1087,-31.626847735806905,-68.2478841826921
1088,-31.62713697260281,-68.2479571514462
1804,-31.625797010607595,-68.25394727447897
1084,-31.62568074408427,-68.25391948400393
1083,-31.60937617716411,-68.24967634128618
107,-31.610568805815365,-68.24297791363142
1482,-31.610477635622463,-68.2429560872774
1454,-31.61165015882394,-68.26451635559737
1775,-31.61604912691314,-68.26558247635622
996,-31.647160363774976,-68.2732904706774
108,-31.646952730649907,-68.27324231219346
1074,-31.646660674474795,-68.2731960320722
1057,-31.64515511799008,-68.281696397195
1316,-31.645175905543,-68.28169547040129
1071,-31.64649267557218,-68.27406315858883
1072,-31.64654356139942,-68.2740729719914
1298,-31.6458145763945,-68.27998493976573
1059,-31.645800428129142,-68.28005966687482
1657,-31.64152361371932,-68.28935226592154
1042,-31.63972001538336,-68.29073772477975
793,-31.631689035423125,-68.29707738639057
1048,-31.63415381078432,-68.295043202853
1064,-31.64360749367265,-68.27932453901208
1486,-31.642876535368504,-68.27914208494538
1062,-31.645540004500774,-68.2796579739482
109,-31.64550703255643,-68.27984742558766
1300,-31.64541374135149,-68.27978255632311
1061,-31.64547956327017,-68.2797176092642
250,-31.66328262767017,-68.28281711532249
110,-31.663241146109364,-68.28260174933595
111,-31.66337214019965,-68.28184850139601
112,-31.662976498169066,-68.28175280236772
114,-31.65103310877208,-68.24839355702383
1441,-31.65017523914467,-68.25338479584406
1375,-31.649162582591487,-68.25925323795299
1398,-31.6478516004213,-68.26675828491601
1535,-31.69915398002698,-68.25272127582069
279,-31.70281589797766,-68.22997853951652
309,-31.702601190053382,-68.19286073298348
115,-31.70141810289485,-68.1925274258968
116,-31.700368710464627,-68.19233306971807
117,-31.699976869074245,-68.19230218619091
118,-31.69941317705785,-68.1922752960774
119,-31.698494967379855,-68.19243102942754
120,-31.6979723147824,-68.19258213340699
121,-31.69648502955197,-68.19331272702249
386,-31.695156495533325,-68.19335186190375
389,-31.6945570413775,-68.19225917743951
122,-31.6944568295282,-68.18941746676599
123,-31.694431531805257,-68.18789948732218
124,-31.69452338892844,-68.18654105163905
390,-31.694569670756024,-68.18536786768003
1800,-31.716526145339348,-68.13614539530089
125,-31.717279355620622,-68.13563628377331
126,-31.71821609988828,-68.13502720320548
127,-31.71889814627576,-68.13463157250894
393,-31.719689971379417,-68.13417225470319
437,-31.75776088496879,-68.04407367918768
128,-31.75702368234468,-68.04287990138523
129,-31.756742193779264,-68.04193395803249
130,-31.75650264890067,-68.04066182192348
131,-31.756395487228875,-68.04012989251972
132,-31.75609328540068,-68.03933838356083
133,-31.75580570544117,-68.03882164920745
134,-31.75547685231798,-68.03835785760485
135,-31.75468500850057,-68.037688990349
136,-31.752801158767745,-68.03591696890405
137,-31.75257604509038,-68.03568657476374
138,-31.752064463977003,-68.0350747376379
139,-31.75164217340729,-68.03439890980972
140,-31.751260148705946,-68.03348339252616
141,-31.750899535001537,-68.0324139321222
142,-31.750551678318907,-68.03155044219714
143,-31.750321828939125,-68.03077345910673
144,-31.75004621355397,-68.03012898071141
145,-31.74938857589838,-68.02925819403502
1572,-31.74896877604423,-68.02866840212421
502,-31.73927056905731,-67.9911775316333
146,-31.73914578521172,-67.99074416092427
1695,-31.7405648982625,-67.99101307033347
493,-31.738821228170664,-67.99149033350928
444,-31.73845415008606,-67.99165953134653
156,-31.734498994691865,-67.98006065627966
147,-31.734457612866382,-67.9798155732994
148,-31.7344943967121,-67.97944074050604
149,-31.73443117901338,-67.9790904366692
150,-31.734353391890583,-67.97874874150288
151,-31.7342491707977,-67.97851807516848
152,-31.733957275371623,-67.97834962204865
153,-31.73376331503796,-67.97831263796435
154,-31.73339853837667,-67.9785577209446
155,-31.73439010209609,-67.98043223100966
157,-31.734765677123654,-67.98008948957148
158,-31.734971905889815,-67.9799627376948
159,-31.735251527626662,-67.97981557329946
160,-31.73548755502715,-67.97977232336179
161,-31.735628764679664,-67.97979212530885
162,-31.735887799409397,-67.97984840059792
496,-31.736178454842698,-67.9801031341922
499,-31.736504389780777,-67.98255676763829
163,-31.73591669560048,-67.98299878001094
494,-31.73553718760381,-67.98337054522267
busmt_220,-31.46232140978175,-67.35469779571957
164,-31.462156252657383,-67.35482587754848
165,-31.46203618120926,-67.35491899439958
166,-31.461787667041584,-67.35511171916284
561,-31.46130059141567,-67.35548944652501
621,-31.27926672445041,-67.52782911367593
167,-31.279812680539894,-67.52836786374151
168,-31.280476091446456,-67.52882212977569
169,-31.281009090464995,-67.52925978145524
170,-31.281658612401674,-67.52928056389473
171,-31.28271792183739,-67.52968497968914
172,-31.285555144636117,-67.52983182802807
630,-31.286265961818096,-67.5302249751978
1755,-31.472083988140657,-67.3006271459371
1681,-31.472226103200004,-67.30038438862422
1567,-31.58158461215048,-67.16899097448767
173,-31.582667052391997,-67.16860593409884
529,-31.45869140431243,-67.29941865844772
174,-31.45882739738313,-67.29937279308338
175,-31.45917058928918,-67.2992753786833
176,-31.459875897469605,-67.29906777341296
177,-31.46029863038528,-67.29890298006565
178,-31.46064839950242,-67.29894574968
179,-31.461163968378028,-67.29896760676841
180,-31.461867267145653,-67.29883786779476
530,-31.462609178952903,-67.29865070466678
560,-31.47806583211189,-67.30238787513755
181,-31.47823066354648,-67.30235144059564
182,-31.478395897673668,-67.30231922545909
183,-31.47849338168235,-67.30230021930632
184,-31.478725970582868,-67.30226056986042
185,-31.479079316713637,-67.30218598096583
186,-31.479332713621822,-67.30213657655999
187,-31.479544839283044,-67.30209521864286
188,-31.47981435938808,-67.3020426704561
189,-31.480808125749995,-67.30182313800783
1307,-31.48126112637297,-67.30166616442567
busmt_501,-31.73947311256266,-67.99153214896876
1094,-31.739356237813716,-67.99154872420243
1201,-31.600451851650813,-67.67966659443461
1210,-31.60016905682188,-67.67914393256645
1209,-31.60748274069856,-67.65435757227146
1756,-31.607250523687743,-67.65441103350591
1458,-31.6073247564628,-67.65381377847027
190,-31.60724670235556,-67.65337441498323
1239,-31.606619267689155,-67.64984276105076
1240,-31.604728852028728,-67.63923747004243
191,-31.60300252623601,-67.62976503862792
192,-31.599273149099965,-67.61569751679556
193,-31.588761939059303,-67.57538361970721
194,-31.58387417789139,-67.55647404378158
195,-31.578635665950188,-67.53607178022597
1241,-31.57619092739542,-67.52655073971081
1242,-31.57374644142528,-67.51764632419746
196,-31.57225267143836,-67.51211888511078
197,-31.56223456196985,-67.47577376868553
198,-31.558041494219328,-67.45965351924514
199,-31.55743122164013,-67.45054815800238
200,-31.55699812725226,-67.44633480734315
201,-31.555390569592223,-67.43591282465107
202,-31.55076681843913,-67.42761108217695
203,-31.542244095235155,-67.41785356842516
204,-31.531195531427123,-67.40481743338862
205,-31.52739640841401,-67.40018148518797
206,-31.525235319051006,-67.39754446112127
207,-31.52447683669649,-67.39723286473927
208,-31.5225395821158,-67.39646329215411
209,-31.52067581917904,-67.39576889672762
210,-31.52007002290894,-67.3948044767565
211,-31.51959057721221,-67.39310770546071
212,-31.519493087718047,-67.39148189709886
213,-31.519470465949343,-67.39134974272154
214,-31.5191629410843,-67.39044956233646
215,-31.51898167598532,-67.38991896829882
1243,-31.518752272605724,-67.38924747612222
1269,-31.46677137675054,-67.35254614818939
1465,-31.466075945689727,-67.35338888971451
216,-31.614882074774577,-68.31864537866366
217,-31.61542128137359,-68.31713231254278
218,-31.615552439263222,-68.31688132325225
711,-31.616218454633657,-68.3159974951456
994,-31.649592794356398,-68.27385998295742
1391,-31.64962493197669,-68.27366017941073
219,-31.65357625817663,-68.27895930727509
busmt_1270,-31.46225146566292,-67.35402254896344
503,-31.46213416890553,-67.35380207147512
1475,-31.462542797778426,-67.35451240590272
220,-31.46232140978175,-67.35469779571957
1100,-31.73883889170209,-67.98573686240631
1160,-31.73889763254398,-67.98574805888987
1022,-31.64619721708712,-68.28813930765065
221,-31.645888603991484,-68.28806638363181
1025,-31.6449448304233,-68.28786051613652
1780,-31.684045170971515,-68.26752017553359
222,-31.68451700636378,-68.26763546784628
223,-31.6296739680212,-68.29592992638916
791,-31.629481148441855,-68.29698571295147
929,-31.662623263212897,-68.27770636399205
931,-31.662672087428035,-68.27771654713383
224,-31.657293703660272,-68.26800230853931
225,-31.65730007556192,-68.26811352551937
1009,-31.658662230807032,-68.26829375847
1502,-31.6647316568547,-68.272538061008
226,-31.665681926848496,-68.27276111146755
925,-31.66139186633602,-68.27654493703237
941,-31.661394372990003,-68.27630415609262
924,-31.66244429630837,-68.2767743494446
940,-31.66251797466176,-68.27658740318181
1488,-31.656121513342462,-68.28960428331217
1500,-31.656113021722412,-68.28965615726406
1758,-31.650078181677685,-68.26961986764682
1805,-31.65001150586591,-68.27002086782741
718,-31.622403003997864,-68.3243970306377
715,-31.622209387484776,-68.32537265978884
778,-31.612632903459843,-68.2933397556786
776,-31.607014522251745,-68.29200589184117
779,-31.61811758320992,-68.2945596921026
777,-31.61794382185841,-68.2945341222096
746,-31.587045509444145,-68.32992067933385
232,-31.65748073885337,-68.2898120695357
1440,-31.661051744544515,-68.29049024353328
231,-31.661163587383637,-68.28983714125995
1439,-31.661024781058394,-68.29064768645166
233,-31.661665745729085,-68.29079406926842
1505,-31.66495150355829,-68.29158770389205
234,-31.66157602826552,-68.29133123131588
1507,-31.66052360773504,-68.29765688889364
1381,-31.66050215301524,-68.29778249507869
1506,-31.66052093885775,-68.29767227295363
235,-31.66782526754708,-68.29202683858537
237,-31.66938897285361,-68.2826277181372
238,-31.670051974537184,-68.27861998038526
384,-31.670076799805894,-68.27846990502302
385,-31.670109388649564,-68.27827631721394
239,-31.67018104891928,-68.27782465206106
240,-31.67096050477144,-68.27321820461978
314,-31.69381512418202,-68.2134157833215
313,-31.69527361373529,-68.20581877273483
241,-31.695938338369743,-68.20236974215423
252,-31.671008215715645,-68.27293623005517
242,-31.671160993520537,-68.27202978959332
243,-31.6715387942028,-68.26978809652192
244,-31.672230205602617,-68.26562516498707
245,-31.672408617842912,-68.2645688742716
1435,-31.673476213536457,-68.25827844602685
246,-31.67350366513965,-68.2581361035903
253,-31.67479789356174,-68.25145038896966
1436,-31.67353488973037,-68.25829043539859
1732,-31.6783557856896,-68.25927582913359
247,-31.68463790116509,-68.26414262533342
1433,-31.684717512536714,-68.26377434805799
1771,-31.68607243825424,-68.26801554357172
249,-31.664501093110417,-68.28304823063223
251,-31.66298481711189,-68.28275120647058
1352,-31.66243128937144,-68.28585962204667
1284,-31.669967435585505,-68.27269363235976
1278,-31.67481276983775,-68.25137372705773
1277,-31.67485497014306,-68.25115303775948
1279,-31.67484609478869,-68.2511994644168
254,-31.67347010683972,-68.25086660349166
255,-31.672231874393177,-68.25059543836495
1282,-31.672062889434667,-68.25081503568163
1281,-31.675072786702447,-68.25143094112067
258,-31.67768095976967,-68.24881380525869
259,-31.686554253219384,-68.25382205825638
260,-31.69240466887368,-68.25502944408544
261,-31.670151629939053,-68.27850410698991
262,-31.67133174355552,-68.2787753207328
264,-31.67598953304677,-68.2798050356382
1727,-31.681795086761944,-68.28112553127568
263,-31.67619594352691,-68.27984711479357
1430,-31.68174220976491,-68.28154687492275
1703,-31.68128251915184,-68.28426474003486
265,-31.68587068961769,-68.2820246629636
1726,-31.682494508374194,-68.28128252127377
266,-31.686938933480736,-68.28226248284577
267,-31.691237537170885,-68.28321487185838
1341,-31.692867563504567,-68.28357565325277
1763,-31.70020852191068,-68.28537557781964
268,-31.695781339341195,-68.28428143286656
269,-31.694024074072505,-68.28384715809005
270,-31.69340827201509,-68.28369171585888
326,-31.695297556807223,-68.27127430612853
1534,-31.69860312568425,-68.25618093501889
999,-31.65605167352704,-68.27398101042887
273,-31.656089597323007,-68.2737675217598
274,-31.65617703686789,-68.27363589741444
277,-31.69592157864529,-68.24176402261317
1273,-31.70179144421768,-68.23620752649485
281,-31.703508497469414,-68.23289169380024
282,-31.702957348490763,-68.22917471020006
285,-31.70273474954118,-68.22954488706985
286,-31.69899070280825,-68.22876584911566
287,-31.69597518289616,-68.22813842212273
288,-31.691454008842737,-68.22719647983944
290,-31.691051705387448,-68.22711211767435
327,-31.679562356525803,-68.2247949027254
1289,-31.689796815926,-68.23522414180697
291,-31.688977784821468,-68.23978641239252
293,-31.69225950696105,-68.22205850858636
294,-31.69262326983664,-68.22021218229915
295,-31.692957762795427,-68.22027963321064
296,-31.698720566996258,-68.22144161966109
297,-31.7061053994974,-68.21191095023909
299,-31.702351252065085,-68.21527576407853
300,-31.70246709134052,-68.21471399613615
301,-31.7079912411761,-68.20197718194851
303,-31.71603979508201,-68.20306184104906
305,-31.708267634592247,-68.20069090912095
306,-31.708921123657213,-68.19710820472282
307,-31.70932707889188,-68.19475575435685
308,-31.70877693703916,-68.19456954810998
311,-31.696660378412123,-68.20764547509656
315,-31.693087911017887,-68.21326098273421
316,-31.68839122444945,-68.21226238615203
318,-31.688472466798537,-68.20999773729078
319,-31.679921080985714,-68.22379063758012
320,-31.679930581719223,-68.22374164661775
322,-31.67969038290724,-68.22416820944109
323,-31.679698131120315,-68.22416977572072
324,-31.679845757861685,-68.22419969723515
1339,-31.69329452315201,-68.28317426665684
325,-31.69424510452022,-68.27746963501227
328,-31.67950290480294,-68.22514362050971
330,-31.678424075310005,-68.23079759199331
332,-31.680985642478174,-68.23141087765262
335,-31.677402427793535,-68.23743868892127
333,-31.678095771765296,-68.23372360704026
334,-31.677882594364863,-68.23369877083825
336,-31.677383428029614,-68.23754794661971
1708,-31.677361034123543,-68.23767670252369
1319,-31.676139931836204,-68.24436886501631
337,-31.6773205069447,-68.23789881837311
1709,-31.67719670037753,-68.23764106258969
338,-31.67358023979109,-68.23685684914669
339,-31.66853693852384,-68.23572990648087
340,-31.66572786855573,-68.23511614652874
1283,-31.670057993609657,-68.25036206696548
341,-31.66332402699621,-68.24890006102252
1092,-31.663055131191108,-68.24884516897313
342,-31.66945534903532,-68.21192833252373
343,-31.668987095819023,-68.21431556503143
346,-31.671168904161657,-68.21724088830088
1347,-31.66826533958533,-68.21857521023789
348,-31.668204207027493,-68.21893718890625
350,-31.670287660139643,-68.21904233430303
1705,-31.667434684516,-68.2221506852625
352,-31.662829837821924,-68.22117265611367
354,-31.672023465498057,-68.22312180195067
355,-31.664887404240417,-68.23493903617783
356,-31.66544138215315,-68.23505355691424
1687,-31.663046835203307,-68.23456268140545
366,-31.66545599322828,-68.23495767173367
357,-31.665398428581774,-68.23531804518598
1536,-31.66433010512389,-68.24138998186642
1093,-31.663116717366997,-68.2484850634056
1809,-31.6633933510174,-68.24686771461656
358,-31.663013227588312,-68.24908434378771
359,-31.66258035304337,-68.2515551937171
360,-31.66192070622409,-68.25531988937554
1091,-31.66145541800669,-68.25784976955762
1275,-31.651006670002342,-68.2458351819964
361,-31.64755494823253,-68.24500110147757
364,-31.642286651536097,-68.23032957244666
365,-31.646629207150152,-68.23122018770412
367,-31.666667799271504,-68.22775167211529
1811,-31.667344687471445,-68.22389661937619
370,-31.65671992758979,-68.21758663820371
372,-31.658304688497267,-68.22021589975738
373,-31.658404806840736,-68.22012560540747
378,-31.654963366319503,-68.22619598670433
374,-31.65550794522963,-68.2233605774738
375,-31.655625527913028,-68.22338458754163
387,-31.69472343247241,-68.19279773698662
388,-31.694563803003867,-68.19259348549981
391,-31.694464752504548,-68.18143408945036
392,-31.69420817407052,-68.17183313140093
1785,-31.6943710638784,-68.16162247788776
394,-31.720493440472616,-68.13352514565614
395,-31.72140393688393,-68.1329085932964
396,-31.722880682719687,-68.1318714206358
397,-31.724720710106585,-68.13062306013353
398,-31.726129117530824,-68.129696038644
399,-31.727906071314283,-68.12844066969862
400,-31.729700195920543,-68.12723080019398
401,-31.73158572508889,-68.12596133421806
402,-31.732809777914703,-68.1251345798717
403,-31.73590793305972,-68.12303149488247
404,-31.7363260318074,-68.12273150372808
405,-31.736642874272228,-68.12238477307642
406,-31.73710704306393,-68.12161587859728
407,-31.738765395465524,-68.1186473750613
408,-31.7404810561614,-68.11554484593884
409,-31.740719497774798,-68.11506904350307
410,-31.740869261712916,-68.11449892281063
411,-31.74098036894105,-68.11388168461637
412,-31.7411424441221,-68.11260354779549
413,-31.741535948518344,-68.1094207930349
414,-31.74181582659128,-68.10735434682428
415,-31.74200151355362,-68.1064417105863
416,-31.742428530068807,-68.10541359309669
417,-31.743190071040026,-68.10349298967655
418,-31.74368043681893,-68.10224663302417
419,-31.743820623436147,-68.10193180503461
420,-31.744396409899604,-68.10097804530409
421,-31.745035697219464,-68.100151593581
422,-31.74687215605076,-68.09802343984717
423,-31.74829291536299,-68.09629705709453
424,-31.75099125084341,-68.0929637264788
425,-31.751266519341144,-68.09221879044239
426,-31.75349045399428,-68.08619974253295
427,-31.754961786857404,-68.08166412308621
428,-31.759896210605383,-68.06384982620979
429,-31.759678722985097,-68.06069518459212
430,-31.75841137372625,-68.04934027392173
431,-31.75839297755951,-68.04882787665757
432,-31.758399292067512,-68.04836311805997
433,-31.758526000968544,-68.04725928110577
434,-31.758589672175344,-68.04605717771634
435,-31.758473644958958,-68.04527492411809
436,-31.75818897086662,-68.04472593086007
1702,-31.73971873825016,-67.99216195040442
438,-31.739594505201783,-67.99194074987483
439,-31.73957480539336,-67.99190567391311
440,-31.739549590054956,-67.99179696145994
441,-31.739516507819975,-67.99165433265944
443,-31.739501676290512,-67.99159038913147
442,-31.7394873715454,-67.99156122238523
501,-31.73947311256266,-67.99153214896876
500,-31.738943502429034,-67.99181558125997
445,-31.737890453781684,-67.99192070412721
446,-31.737113917865056,-67.99227975071722
447,-31.7366482534524,-67.99249505655769
448,-31.736150488084235,-67.99266117095026
449,-31.73580784092656,-67.99290294133453
450,-31.735356342349046,-67.99324584094525
451,-31.73502104669309,-67.99337345061298
452,-31.73475952379299,-67.99350729717685
453,-31.73444523330631,-67.99370644290372
454,-31.733867839261247,-67.99421354233597
455,-31.733248128715974,-67.99466511263658
456,-31.732438609095947,-67.99523368178338
457,-31.732231199643664,-67.99537405933916
458,-31.73208366829993,-67.99568094448107
459,-31.731979594107035,-67.99589743134293
460,-31.73187449490266,-67.99613829829951
461,-31.731757031021413,-67.99641611292867
462,-31.73147601086568,-67.99674119416204
463,-31.73047877529038,-67.99736456308419
464,-31.730170808236423,-67.99750862644422
465,-31.7298321033316,-67.99763426710653
466,-31.72952707183453,-67.99800619950238
467,-31.7291960298476,-67.99843376944986
468,-31.728965873971507,-67.99880207360734
469,-31.72867363614122,-67.99924054572797
470,-31.72768448651989,-68.00018001269578
471,-31.72716265984912,-68.0016337105235
472,-31.7270100409082,-68.00371101836821
473,-31.72559834183595,-68.00544668022255
474,-31.72332704912676,-68.00763365240121
475,-31.72162858577805,-68.0081763598132
476,-31.71976124294937,-68.00909635608835
477,-31.718236315320784,-68.01047003854623
478,-31.716420320721586,-68.01042671566266
479,-31.715052869679493,-68.01057547569856
480,-31.71256830471817,-68.01067133908292
481,-31.71163415382418,-68.0108976053886
482,-31.7102275323181,-68.01136568497628
483,-31.70926052695175,-68.01210756697714
484,-31.70803809352621,-68.01229883310451
485,-31.707628108806723,-68.01255506237301
486,-31.707381118199947,-68.01270942348343
487,-31.70728979365576,-68.01276649811436
488,-31.707020777108912,-68.01308747996134
489,-31.707231458376,-68.01727436805947
490,-31.70772412175008,-68.02013102467546
495,-31.737210662379987,-67.98695053806715
491,-31.73857674005345,-67.99059287074023
492,-31.73875081579721,-67.99130388094783
497,-31.736275697549782,-67.98033536576744
498,-31.736135402167896,-67.98044522934764
504,-31.461268517652243,-67.35218937420706
505,-31.4608623164517,-67.35145951721239
506,-31.460410855250863,-67.35079277177051
507,-31.460308673914053,-67.35036494911613
508,-31.460315972584585,-67.34961839858427
509,-31.460308673913715,-67.34796700313836
510,-31.46044734855796,-67.34757019762645
511,-31.4603670147425,-67.34652637828727
512,-31.46119910752865,-67.34449308318497
513,-31.462602992549947,-67.34120595339292
514,-31.46589119891729,-67.33508475509615
515,-31.466196090104724,-67.3345154860524
516,-31.46684626089801,-67.33303311457152
517,-31.46718557935346,-67.33184560235397
518,-31.4675185845808,-67.33035144190383
519,-31.467659747755835,-67.32919242618826
520,-31.46794003858,-67.32750409990129
521,-31.468088290825104,-67.32619540990264
522,-31.46816075090263,-67.3252817391985
523,-31.46782071139557,-67.3234287621717
524,-31.46694587085504,-67.32008220209556
525,-31.465263847563023,-67.31376902835193
526,-31.462545339069973,-67.3079155811955
527,-31.46137741537745,-67.30561765200483
528,-31.458508855364546,-67.29944363246302
531,-31.463158761516617,-67.29854172143541
532,-31.463930842653607,-67.29865869453235
533,-31.46429774030984,-67.29876364857905
534,-31.465647499462825,-67.29926046349506
535,-31.46714756035034,-67.29982621043955
536,-31.467228972339765,-67.29985897451047
537,-31.467578055951527,-67.29987527204352
538,-31.46819002514119,-67.29991792765087
539,-31.46869162056169,-67.30000265658947
540,-31.46941575099181,-67.30012497669429
541,-31.470365117063444,-67.3004470425235
1754,-31.47202009681459,-67.3009289951863
554,-31.47232350923807,-67.3006954968848
1683,-31.47254227173149,-67.29853263020507
542,-31.472351521913986,-67.2978959376375
543,-31.472030795998897,-67.29659097099784
544,-31.471757100239465,-67.29510753867397
545,-31.471735870503192,-67.29377952051482
546,-31.47152058574236,-67.2923634275288
547,-31.47151693684363,-67.29078904016069
548,-31.47158261699502,-67.29019008844459
549,-31.47154612802755,-67.28934727781542
550,-31.47124691795852,-67.28873976964618
551,-31.470882026335985,-67.28826060827323
552,-31.470809047840703,-67.28746485813609
553,-31.47088932418218,-67.28667766445203
555,-31.472666162836965,-67.30080940370618
556,-31.47496607692881,-67.30152944984762
557,-31.476567757471567,-67.30202148966384
558,-31.477701622884076,-67.30234734693231
559,-31.477927620069845,-67.30241052664924
562,-31.460449517536567,-67.35615068162636
563,-31.46026089057813,-67.3563140440461
564,-31.46003392986197,-67.35651223348418
565,-31.4595673966623,-67.35691962137102
566,-31.459159287745692,-67.35840477947119
567,-31.45780548947448,-67.36333086815202
568,-31.457728454230143,-67.36510086301074
569,-31.45729299224981,-67.3687841364981
570,-31.457052470134705,-67.3721169562905
571,-31.456545108917044,-67.3736414015582
572,-31.45613616923973,-67.37516581944422
573,-31.45536312249734,-67.3780473073648
574,-31.45488726871104,-67.37982087982522
575,-31.453927528814425,-67.38250048267433
576,-31.452843771375708,-67.38552626951433
577,-31.45074655864581,-67.38924304254617
578,-31.446532312055623,-67.39632556460366
579,-31.43877365965188,-67.40430848818066
580,-31.432936491841808,-67.4089159262356
581,-31.42711694050204,-67.4117338392878
582,-31.41445829755311,-67.41449595195924
583,-31.408900792032718,-67.41539378335978
584,-31.4016752501241,-67.41824121803927
585,-31.39661953532852,-67.42075439295476
586,-31.393285207126347,-67.42360837944477
587,-31.39023268012954,-67.42581643716265
588,-31.386101377060257,-67.42759401911411
589,-31.382541489990427,-67.42782748756738
590,-31.379991228644407,-67.43070926346921
591,-31.378076778907538,-67.43342298665911
592,-31.37478581206502,-67.44491535801353
593,-31.37508613957396,-67.45170044467142
594,-31.36345097330179,-67.47694429875011
595,-31.348642546212677,-67.49312956801434
596,-31.345209523024128,-67.49547203851972
597,-31.342234047043227,-67.49821288811759
598,-31.33922249642609,-67.50098689865113
599,-31.33387632354744,-67.50430234549519
600,-31.33005179516927,-67.50808255506401
601,-31.324252104060157,-67.51432239223897
602,-31.31920142433406,-67.51869492691351
603,-31.315596570519045,-67.52141553652682
604,-31.30777978982015,-67.52365224930533
605,-31.29888221393865,-67.52776338718277
606,-31.295677535362973,-67.53087038536415
1321,-31.291565023672543,-67.53474290236339
629,-31.27494166852942,-67.52168375139176
607,-31.273771161528305,-67.52114485558278
608,-31.272728736652024,-67.52095435061572
609,-31.27244484552254,-67.5202853593849
610,-31.271359992995176,-67.51944296294084
611,-31.26997203900017,-67.51769030813877
612,-31.269293026990898,-67.51740803942009
613,-31.267625702003816,-67.51519820996823
614,-31.26691902055561,-67.51458099111838
615,-31.266065157327628,-67.51486682330912
616,-31.265335757706055,-67.51507951502566
617,-31.26491984918221,-67.51517519601248
618,-31.264596943970144,-67.51529338843137
619,-31.264286004632023,-67.51565235104164
620,-31.263422111545037,-67.51531647162582
622,-31.27851775037143,-67.52724493345823
623,-31.278090996833832,-67.5266146437006
624,-31.277350970040445,-67.52552197247216
625,-31.27662348739743,-67.52452286644602
626,-31.27619372167337,-67.5232171581732
627,-31.27595597006733,-67.52260995530816
628,-31.27514522313037,-67.52221849567987
631,-31.286590748160556,-67.530511907673
632,-31.286795723218155,-67.53073096640361
633,-31.28713443806144,-67.53090277112398
634,-31.28729895082188,-67.5311405422781
635,-31.28731534907235,-67.53153075113927
636,-31.287753077888283,-67.53203265877171
637,-31.288107480528897,-67.532182508952
638,-31.289437979074524,-67.53288937714623
639,-31.2902863587543,-67.53342354664855
1320,-31.29074986722538,-67.5338642334238
640,-31.655903020856357,-68.2899707303032
1365,-31.65607194342424,-68.29000530726786
641,-31.65492579329957,-68.29548787714025
643,-31.65433903183921,-68.298843316532
645,-31.652507211980957,-68.30279140659377
1514,-31.64106300004457,-68.30697705475413
647,-31.648021988203023,-68.30860939742026
649,-31.6519049432426,-68.31289942984081
650,-31.6524836299296,-68.30976786259791
652,-31.65157897102056,-68.316670368228
651,-31.64044901716456,-68.31400997381232
1362,-31.645550718709888,-68.31527396429874
819,-31.663017630189767,-68.31932681204157
655,-31.640145261133647,-68.3142272530271
656,-31.65233241446109,-68.30963255909573
1424,-31.63883535804262,-68.31390377090548
675,-31.633898417684744,-68.31275772634994
667,-31.63963290704532,-68.31449964969748
659,-31.637446800013738,-68.32797320856417
661,-31.647159070989375,-68.33043156593413
662,-31.647909529443368,-68.33060147146479
663,-31.648528554422388,-68.33073783993594
665,-31.640916226446382,-68.33511602466558
666,-31.640647804239222,-68.33591446872559
670,-31.639723464674034,-68.31376769009276
669,-31.640157018534875,-68.31140797416467
1515,-31.640974781732144,-68.3069564022758
672,-31.64106522526669,-68.30656622825896
674,-31.64073879170972,-68.30160440911386
1421,-31.62778733663256,-68.31128089172996
1357,-31.62343623756815,-68.31028544261316
676,-31.621212697627698,-68.30973668492504
677,-31.6210654054132,-68.30969089328242
1356,-31.62565019309088,-68.31108562015294
1422,-31.625696466037272,-68.31080189448772
1417,-31.624520631798458,-68.31459389134494
1354,-31.62502976200621,-68.31471231159358
1418,-31.621728916027177,-68.31395430984753
1420,-31.62163625769506,-68.31393242681469
678,-31.62108153636522,-68.30965545924433
703,-31.620986670647383,-68.30982334522673
679,-31.62115990019039,-68.30948331964812
680,-31.62126683327892,-68.30935804533671
681,-31.62275369525856,-68.30761611063507
682,-31.623817442327837,-68.30635831203136
1528,-31.616082023994533,-68.30826163861973
684,-31.620777835379563,-68.30939112189522
700,-31.61456439442881,-68.3078638292904
1527,-31.61533711896915,-68.30808246014743
713,-31.61403219782776,-68.32255832917528
685,-31.614279106939165,-68.32130928772479
687,-31.59896114091752,-68.33821603458382
689,-31.605476120692245,-68.33841980069232
690,-31.605677464322877,-68.33887843266263
691,-31.605941253014347,-68.33936515080032
692,-31.606981158599982,-68.34137394700186
694,-31.59755103621211,-68.3413864389342
695,-31.596982665810124,-68.34456683234951
696,-31.59657434238663,-68.34453059966886
697,-31.596502634234422,-68.34479547713008
698,-31.59607900892691,-68.34471599802592
1674,-31.59878233486337,-68.33802691562096
714,-31.62019879618284,-68.32389130030728
1769,-31.61616939831473,-68.3230124851439
1428,-31.611977485908813,-68.30727833708006
710,-31.61920486973027,-68.31215159141708
701,-31.619691104400317,-68.31140091505033
702,-31.620128276589885,-68.31088467571408
1735,-31.61388805622477,-68.32331007167168
1416,-31.61296871624204,-68.32864787232252
704,-31.613352484102347,-68.32608664069846
706,-31.60499647531171,-68.3356724269032
712,-31.61658712280132,-68.31543956090715
708,-31.61719918370495,-68.31453400295547
709,-31.617391059111927,-68.31428016151392
1770,-31.61457876917452,-68.32266558796533
716,-31.62199141151789,-68.32684863558616
720,-31.624361584511924,-68.33182788521127
721,-31.624209623964163,-68.33265720510826
722,-31.63042256063537,-68.33248626888921
723,-31.630606973872144,-68.33247888309427
1718,-31.581199270040266,-68.336151770042
724,-31.58020226905558,-68.34032887559525
1715,-31.57861376070542,-68.34647991044507
1743,-31.589181473593232,-68.32051330548556
725,-31.58976384149964,-68.31705993927362
728,-31.58968379791655,-68.31668278961406
726,-31.581982074809588,-68.31458929393273
730,-31.590822064077997,-68.31116522614873
731,-31.59166226717337,-68.3171622100321
734,-31.60195588725483,-68.3201803588813
736,-31.60231735876299,-68.31815224090563
737,-31.603074938171247,-68.31378554684814
738,-31.60443112801129,-68.3060621489682
1425,-31.604466019635613,-68.30586888755174
740,-31.604496370851543,-68.30570065421847
1426,-31.6049626284944,-68.30596043696062
1312,-31.60515240422574,-68.30567139595632
742,-31.604040862958477,-68.30576376715156
747,-31.5838355727207,-68.32985110739178
748,-31.58350337784238,-68.33012345248608
750,-31.58272723947058,-68.33094563951241
751,-31.58248201802127,-68.3312754581518
752,-31.582318869365075,-68.33165117833992
1717,-31.582120623046272,-68.3320875502048
754,-31.577406639931016,-68.3306134237374
1746,-31.588682362467463,-68.30183992271209
1747,-31.583833443602543,-68.30073550576657
1730,-31.580975562289648,-68.3000439272104
760,-31.593295559208727,-68.29538809878918
759,-31.58647244559191,-68.29408339656653
761,-31.594314843958472,-68.28947449673971
763,-31.5944358990838,-68.28876060798443
765,-31.59704954095981,-68.27266815916002
766,-31.59706930254764,-68.27191540444849
767,-31.597100874038112,-68.27152342014374
768,-31.59712648778317,-68.27032283630983
769,-31.59733474791213,-68.27013799789825
770,-31.59721728547616,-68.26872491617706
771,-31.597263451658133,-68.2679937180367
772,-31.59735365420772,-68.2666450459379
773,-31.59724722903404,-68.26517120664073
774,-31.596797297927303,-68.26445754189433
775,-31.59631132317356,-68.2895321962189
1684,-31.595674036216835,-68.28938505662127
781,-31.61795445802441,-68.29841507832825
787,-31.627466570939344,-68.29690643606838
782,-31.61876127257953,-68.29471834108615
785,-31.62819853009965,-68.29694299162985
786,-31.628095976936734,-68.29704583011373
789,-31.628344582532293,-68.29905708526495
790,-31.628887310009155,-68.29710869885304
792,-31.62943033781048,-68.29721676189482
794,-31.630888127825862,-68.297881768861
796,-31.63068566604405,-68.29756221073136
799,-31.62759157131421,-68.30207180724312
800,-31.62837951643265,-68.3010561632688
801,-31.629377630048783,-68.29998945878404
802,-31.6299944637664,-68.29927499495132
803,-31.63026645213776,-68.29877159029473
804,-31.630324013285808,-68.2985532961553
805,-31.626354549213527,-68.30355111463396
806,-31.62697096804952,-68.3028373315863
807,-31.627234101791878,-68.30250047787462
808,-31.625721571612097,-68.30429065134831
809,-31.626273396633145,-68.30342234043796
1484,-31.64369763200702,-68.29144400313007
814,-31.6433908977542,-68.29318165662728
813,-31.642971023540703,-68.29557464731275
816,-31.64057296552323,-68.29986414239923
817,-31.64053897078775,-68.29998678489348
821,-31.66247613360198,-68.32301514824825
822,-31.66122078352087,-68.33032952748185
824,-31.661030687620183,-68.3333195413395
1748,-31.66117006189303,-68.33334066969974
827,-31.66324529378281,-68.31937726967679
826,-31.665107696349985,-68.31981344011206
828,-31.670447158961537,-68.32106110945345
830,-31.67567253646728,-68.31731427964387
1276,-31.67511277515083,-68.32212711032477
832,-31.681265811258545,-68.323588592879
833,-31.68555286139406,-68.32458165661006
834,-31.68619864024804,-68.32473442513239
1744,-31.686229122818524,-68.32474180749925
838,-31.69772925366077,-68.32727734466465
841,-31.68861442225307,-68.31096918177863
884,-31.689259484982063,-68.30730032897131
850,-31.68329199887019,-68.3098647199428
843,-31.679574242602158,-68.29491233578608
845,-31.679355216991823,-68.2967534120125
846,-31.67916776720701,-68.29690802945127
847,-31.6783927315704,-68.30183981836781
849,-31.677400610017685,-68.30768080323517
852,-31.677048289145887,-68.30827019204311
855,-31.670366856484204,-68.3143839319091
856,-31.669688094208457,-68.3208881002902
1351,-31.67125807563896,-68.30700146564278
1741,-31.6648617441679,-68.30950321867827
1737,-31.6635346201809,-68.31685067751242
859,-31.6655421982537,-68.30537384337339
861,-31.66567124256367,-68.30463615617334
860,-31.666612265324822,-68.29912260772144
864,-31.70023273886389,-68.31291407348243
866,-31.701152105285992,-68.30740138989677
867,-31.702285165428584,-68.30095594168563
865,-31.701877633886003,-68.3030476084312
868,-31.702407049584124,-68.30020817073651
870,-31.703411250226686,-68.29404193734926
869,-31.704689908040663,-68.28683071449974
1429,-31.704742441422884,-68.28653187415676
872,-31.70487510379253,-68.28577716329315
873,-31.70697820592509,-68.27306299054506
1676,-31.702527368940288,-68.2719993746315
1725,-31.707052373368764,-68.2729735092415
875,-31.708660950731502,-68.26467146928096
874,-31.708209847692988,-68.26712036029215
877,-31.70869502206818,-68.26447573431138
879,-31.71036041997036,-68.25654546026433
881,-31.71097805628529,-68.25150554644608
883,-31.71184699424868,-68.24591584928008
880,-31.71144512836459,-68.2487439512122
1723,-31.70865841604036,-68.2307679300863
882,-31.714263477803964,-68.23195065921342
885,-31.690744044934263,-68.29855308896236
887,-31.69099822818524,-68.29721358141099
888,-31.6913326263791,-68.29514624352757
889,-31.69251963915121,-68.28782579539865
893,-31.695302567123985,-68.29873625673467
1371,-31.65646442650422,-68.28968251542972
1409,-31.65650468530384,-68.2894530312283
1411,-31.65613219755683,-68.28932306059987
894,-31.656545427557813,-68.28696617025629
1633,-31.657282036769768,-68.2826860904505
1634,-31.657653756221585,-68.28052570161384
1302,-31.657838862437696,-68.27946210268543
896,-31.65822802524297,-68.27722433630214
897,-31.65849818840353,-68.27566943302834
898,-31.65850599097743,-68.27562450846483
899,-31.65890885447136,-68.2733443294425
1412,-31.65931352237455,-68.27119389785862
903,-31.660282760461502,-68.27212269196323
904,-31.66095218545403,-68.27164800093104
1008,-31.659787940234487,-68.26844270972245
905,-31.659806628868186,-68.2683359266407
906,-31.660551214815552,-68.26357911648428
907,-31.660568378219867,-68.26349774548629
908,-31.660673206363164,-68.26294889576587
1492,-31.660625368298863,-68.26293879064356
911,-31.66227601183872,-68.269755590685
913,-31.665614074286605,-68.27044201515585
915,-31.6632913886579,-68.26937866507461
916,-31.663045057654585,-68.27214035927587
918,-31.659069434451848,-68.27315620463293
919,-31.66012526800855,-68.27340237600953
920,-31.65972069499031,-68.27579197036317
1509,-31.659658644887266,-68.27615845502987
922,-31.65884695731784,-68.2759632488889
921,-31.65862651557973,-68.27591023937855
926,-31.661157280263076,-68.276493801565
1508,-31.660001096089424,-68.27623507968353
927,-31.66284468601281,-68.27686105008621
935,-31.66292029950942,-68.27687672099671
930,-31.662248711493547,-68.27991717873917
932,-31.663434692095503,-68.27787561690012
933,-31.663395645437408,-68.27812538288377
938,-31.665949290347505,-68.27599970582577
1569,-31.662683355131303,-68.27547449314893
942,-31.661551774360625,-68.27524458665029
944,-31.657120236492386,-68.27792043477636
1714,-31.658255122323528,-68.27824920343853
945,-31.65943007237795,-68.27851585904368
1711,-31.657406800144276,-68.28046562949635
946,-31.655875191042963,-68.28012924397139
947,-31.654470905362874,-68.27980873787969
948,-31.65460820606694,-68.27914870201252
1712,-31.657781419953302,-68.28055450925334
949,-31.65929243202858,-68.28089552751118
1370,-31.65646001140297,-68.2896809065948
950,-31.65635004372038,-68.28965601128196
951,-31.65616327197324,-68.28961373539046
1491,-31.656055884088623,-68.28904437008141
1477,-31.656336719610948,-68.28743626467268
1301,-31.65638170998981,-68.28720407887484
952,-31.65645434435708,-68.28678047520218
954,-31.65658544439173,-68.28607599389801
965,-31.65472867146947,-68.28606821127492
1499,-31.65714352178994,-68.2829248474436
1480,-31.656382804706386,-68.2824779347796
959,-31.657681231682428,-68.2795254101685
960,-31.65794870728641,-68.2781253223452
962,-31.658295309451308,-68.27613504644489
966,-31.653441677086107,-68.2857575740269
968,-31.65081234260768,-68.28512014233402
969,-31.647726870938687,-68.28439227988717
971,-31.647344025701788,-68.28430970615122
972,-31.6454974591386,-68.28591808517035
974,-31.645573745409635,-68.28562896480373
976,-31.6549219272814,-68.28391874009355
977,-31.65098135374703,-68.28118511221044
1639,-31.65037801155101,-68.28104790325357
1297,-31.645862731025492,-68.28000647673035
1692,-31.65173953484302,-68.28134910253924
979,-31.651635358990585,-68.28132656836786
1636,-31.648698279328,-68.27961461672264
982,-31.656260204160663,-68.2766241802354
987,-31.65385941027338,-68.27605605549834
993,-31.65072464462513,-68.27411622038376
992,-31.65049666202676,-68.27708509521062
1519,-31.65040314519624,-68.27404593420201
1635,-31.64919095800392,-68.27678737829372
998,-31.65601651636673,-68.27417890750131
1002,-31.657057818667266,-68.27252248461512
1003,-31.657183938798557,-68.27178909336901
1007,-31.65494398473406,-68.27183914236834
1010,-31.659460413193987,-68.26839734081625
1013,-31.64975420701608,-68.2878799568691
1017,-31.6474564977321,-68.28790557391397
1019,-31.647370100519712,-68.28840761008281
1018,-31.646920802421256,-68.2909991853498
1020,-31.64802980499704,-68.28856905644497
1023,-31.64453116624465,-68.28695057697868
1028,-31.644696602475182,-68.28930429037112
1026,-31.64490177700607,-68.28935767752596
1661,-31.64441275083795,-68.28730952899646
1029,-31.644164480900997,-68.28729987626403
1035,-31.643124175190373,-68.28629814806021
1033,-31.64340089100037,-68.287858268134
1662,-31.64419833578277,-68.28851450284611
1032,-31.644362847524587,-68.28634027104438
1034,-31.642987653799096,-68.28820040432757
1658,-31.642578842190037,-68.28852204924661
1036,-31.64184634276473,-68.28598078479489
1510,-31.641368050263743,-68.28586089658891
1041,-31.641024647530045,-68.28745560916238
1043,-31.63974629507051,-68.2907820658893
1295,-31.639771910900635,-68.29082528693702
1044,-31.63933195876179,-68.29102792358228
1045,-31.638577567956528,-68.29159207678985
1046,-31.6383905650298,-68.29173192176972
1047,-31.63803908958596,-68.292004074073
1290,-31.637248335571652,-68.29265143533664
1774,-31.63197991425877,-68.28906116115327
1629,-31.63282364149353,-68.28434041828406
1444,-31.63261711650606,-68.28428153821264
1050,-31.63232913467167,-68.28420846271578
1479,-31.63271698491701,-68.28375342718032
1049,-31.63330125627872,-68.28049168612668
1051,-31.625590960010467,-68.282487842739
1052,-31.623134799386364,-68.28180684896819
1056,-31.621882655196195,-68.2762710425481
1068,-31.63394121179393,-68.27690293837574
1058,-31.644863787310957,-68.28357579003976
1060,-31.64577481649184,-68.28019491756267
1063,-31.645371516041077,-68.27977184499817
1069,-31.645689588901707,-68.27875076537919
1641,-31.639893835647715,-68.27839311362229
1643,-31.636660884726044,-68.27771265452637
1621,-31.636947424388215,-68.27778481792605
1620,-31.634210406551595,-68.27709553380332
1065,-31.63413502869533,-68.2769386422322
1067,-31.619885019991926,-68.28749417693159
1446,-31.634203195456013,-68.27547110351286
1070,-31.645712624795948,-68.27861106801545
1455,-31.6462675014828,-68.2754635007551
1073,-31.646771467143505,-68.27411694562862
1076,-31.64661100027886,-68.27318816121917
1075,-31.646779556997377,-68.27302347778954
1397,-31.64691089484596,-68.2722621774716
1077,-31.646451667150888,-68.27315333633466
1382,-31.63969837236385,-68.27159122350736
1487,-31.639556590559025,-68.2717003594898
1078,-31.63879208243768,-68.27620636541185
1403,-31.63606420609637,-68.26497966808472
1081,-31.638334753032705,-68.2520191870684
1374,-31.649749921905183,-68.25584975162306
1442,-31.650423265680324,-68.25344087980972
1082,-31.651472685164137,-68.25369247006181
1085,-31.621889681497542,-68.2529985692239
1688,-31.62755774526209,-68.24385698459288
1089,-31.63010528265042,-68.24873686793603
1095,-31.739066554968197,-67.99062282892186
1096,-31.738782956853512,-67.98984833525724
1097,-31.738511571818467,-67.98881730246268
1098,-31.738355122635173,-67.98801807717702
1099,-31.73843602449118,-67.98734305254482
1101,-31.73911845852083,-67.98503388018918
1102,-31.73988956348532,-67.98261211174693
1103,-31.74052483043671,-67.98121309110329
1104,-31.740018029104156,-67.98096475790913
1105,-31.74091415646017,-67.97872304542858
1106,-31.741284850345583,-67.9769820411205
1107,-31.74150944153908,-67.97544464444634
1108,-31.74175823734207,-67.97365253823104
1109,-31.741906575151354,-67.97183423824494
1110,-31.742139186362937,-67.97001623361328
1111,-31.742514439304628,-67.96777005352546
1112,-31.74356378484975,-67.96564365812371
1113,-31.74463053262068,-67.9636692932153
1114,-31.745129754219967,-67.96285161088944
1115,-31.74583430901803,-67.9616342172039
1116,-31.74636116577125,-67.96035113479601
1117,-31.746629991358247,-67.95845843322394
1118,-31.74726145629659,-67.95712478041155
1119,-31.748519458949232,-67.95575162161109
1120,-31.74951928834817,-67.95440237853013
1121,-31.75016415982737,-67.95353211605945
1122,-31.75054362289813,-67.95276489089723
1123,-31.75094579622609,-67.95170493051924
1124,-31.750856601009534,-67.9504736506927
1125,-31.750712242292444,-67.94877933673013
1126,-31.750391499661657,-67.94639075268971
1127,-31.749991564184207,-67.94288141037889
1128,-31.749730704309677,-67.94147632366797
1129,-31.74958298335186,-67.9395406325566
1130,-31.74971936122357,-67.93790787530652
1131,-31.74987551143767,-67.93594181225544
1132,-31.750016180810523,-67.93449549815571
1133,-31.74991959213506,-67.93221366652128
1134,-31.74975650635157,-67.93150515897199
1135,-31.74978321270912,-67.9307627960661
1136,-31.750126797999982,-67.92943263098799
1137,-31.75048166334046,-67.92794053718856
1138,-31.75077723645601,-67.92626186346074
1139,-31.75094693293162,-67.92482010168129
1140,-31.751283821565888,-67.92373544973073
1141,-31.751929475011234,-67.92185856287242
1142,-31.75219578503188,-67.92091369333524
1143,-31.75260794081653,-67.91961518022111
1144,-31.75400292850471,-67.91507572444343
1145,-31.75505310946677,-67.91172043685832
1146,-31.75580176488272,-67.90900695975401
1147,-31.75595068819738,-67.90798754873212
1148,-31.756085924010915,-67.90349623980859
1149,-31.75612344794081,-67.90014269092474
1150,-31.756245620353894,-67.89474010304677
1151,-31.756279331187987,-67.89337393175853
1152,-31.755028107234818,-67.88881616186556
1153,-31.7543083845542,-67.88566602453086
1154,-31.75274061915773,-67.88071101309856
1155,-31.751653422139743,-67.87935659045355
1156,-31.751337328381613,-67.8780803924747
1157,-31.75146650363481,-67.87738473450611
1158,-31.7517083225038,-67.8766969224622
1159,-31.7517357359462,-67.8761521703857
1186,-31.743738593144077,-67.86740840676059
1161,-31.739187729252983,-67.98581252674235
1162,-31.73933884816524,-67.98593609885864
1163,-31.73976925068877,-67.98638827739865
1164,-31.740017416205102,-67.98615790933916
1165,-31.74366576064624,-67.98342161561185
1166,-31.744296465223147,-67.98320772243189
1167,-31.746471856854058,-67.98271365680114
1168,-31.74816365643926,-67.98249783620751
1169,-31.749784159565184,-67.98204956850856
1170,-31.75539794024683,-67.98217498809522
1171,-31.75983048770697,-67.982242008047
1172,-31.76247544192057,-67.98256131415137
1173,-31.765114910829872,-67.9839816934014
1174,-31.76753613256887,-67.98470176775125
1175,-31.76956248001024,-67.98545627227833
1176,-31.77232989637601,-67.98641379019035
1177,-31.773692297354472,-67.98654270147259
1178,-31.77530939176406,-67.98674022549746
1179,-31.776961433034533,-67.9872306992304
1180,-31.777848517755363,-67.98786425209866
1181,-31.77894736059181,-67.9889028805231
1182,-31.77992589439822,-67.98942780804518
1183,-31.780277180024097,-67.99026024109953
1184,-31.78083627449045,-67.9911246859447
1185,-31.78093419978653,-67.99186959985221
1187,-31.742804600097152,-67.86639182258355
1188,-31.73083467878476,-67.85334650430966
1189,-31.71116072513012,-67.8318614703498
1190,-31.698407758114516,-67.81792226798285
1191,-31.69577809966973,-67.81508185369063
1192,-31.657270786359216,-67.7731117390019
1193,-31.657830282157924,-67.77230794534908
1194,-31.611685853560125,-67.72212352364805
1195,-31.610015117216754,-67.71984003721461
1196,-31.609269345102515,-67.72033848954592
1197,-31.60511294649851,-67.71144550381143
1198,-31.600858909509167,-67.70254440011385
1199,-31.597456294486143,-67.69538047867945
1751,-31.597109390116284,-67.69278504432991
1753,-31.599469799738387,-67.68334385059934
1200,-31.6002793340284,-67.68043200813207
1202,-31.60123835272631,-67.67616075734641
1203,-31.605101200239027,-67.66118868163058
1204,-31.605627546579072,-67.65893793247041
1205,-31.60599223927443,-67.65793161810349
1206,-31.60732076748747,-67.65557456575701
1207,-31.60744931532602,-67.65538727575604
1208,-31.607525652098012,-67.65481214018328
1211,-31.59867974030727,-67.6763914397579
1212,-31.597661480558404,-67.67450955979552
1213,-31.59668630781536,-67.67254225475241
1214,-31.595835366602294,-67.67072155623751
1215,-31.59450556583525,-67.66787630922947
1216,-31.594033619280044,-67.66686654814214
1457,-31.607403686143133,-67.65408545924059
1757,-31.606945821898837,-67.65448118181101
1217,-31.60570343751376,-67.65478542733184
1218,-31.60003075079834,-67.65617766760825
1219,-31.598332845428946,-67.65662352627963
1220,-31.59785426935201,-67.65672743160452
1221,-31.597251316537758,-67.65685335891352
1222,-31.596217237512963,-67.65671201829424
1223,-31.594823652393817,-67.65638557465694
1224,-31.5942950929767,-67.65625974401209
1225,-31.593612632190897,-67.65631525341787
1226,-31.59339010015724,-67.65641467870115
1227,-31.592871716517237,-67.65668387865324
1228,-31.592084601523503,-67.657237458762
1229,-31.59098593103408,-67.65795530255224
1230,-31.590369606673505,-67.6583231802433
1231,-31.59024427080012,-67.65839441176911
1232,-31.590068230598572,-67.65853364723198
1233,-31.589939367011763,-67.6582403956135
1234,-31.589341704101205,-67.65692127576247
1235,-31.589229945570548,-67.65684426768469
1236,-31.588968770220696,-67.6562353334399
1237,-31.588187837041183,-67.65660758675057
1238,-31.58675447978796,-67.65752172859844
1459,-31.587242413115828,-67.65861973170021
1244,-31.518599096128963,-67.38844031738095
1245,-31.51746082593172,-67.3869577392053
1246,-31.51585116461371,-67.38371712541496
1247,-31.515058658254038,-67.38216908015305
1248,-31.51408001749079,-67.37946551352593
1249,-31.510094031623403,-67.37375115448116
1250,-31.508843095620275,-67.37273151137404
1251,-31.5022599996814,-67.36264956562239
1252,-31.4970149120896,-67.35632224463886
1253,-31.49519608626829,-67.35473403282451
1254,-31.493986144911013,-67.35435677752743
1255,-31.490888519529843,-67.35240373967999
1256,-31.482626139980532,-67.35240790554118
1257,-31.477672094169964,-67.35209813592944
1258,-31.477441176125996,-67.3525250199159
1259,-31.4763925664606,-67.35173621875738
1260,-31.475359004411363,-67.35116240100112
1261,-31.474046890694066,-67.35099224577789
1262,-31.47316012901006,-67.35087725165975
1263,-31.47248267411763,-67.35106176742967
1264,-31.470919009416736,-67.35148765164035
1265,-31.469943971695923,-67.35219337609664
1266,-31.46941735901997,-67.35254996357914
1267,-31.469316649037957,-67.35232337242982
1268,-31.467813171308062,-67.3527522607094
1476,-31.46248927545357,-67.35440687631464
1270,-31.46225146566292,-67.35402254896344
1271,-31.703555259799437,-68.24337922267073
1280,-31.657925922242303,-68.29710508672703
1285,-31.66926226535622,-68.27252820759996
1286,-31.66802599999868,-68.27222242656971
1287,-31.667906488945462,-68.2729205906868
1291,-31.63726108223955,-68.29267186789944
1292,-31.6373293575476,-68.29278131154904
1296,-31.6397512952482,-68.29084560229761
1299,-31.64552837995124,-68.2798767135148
1303,-31.657437873330142,-68.2827256926524
1304,-31.658055890696225,-68.2828720020302
1813,-31.658972738845986,-68.28534344232573
1478,-31.65653426755541,-68.28758875813476
1306,-31.65804257535106,-68.28794385230091
1308,-31.48204689114424,-67.30139387975069
1309,-31.482564168441385,-67.30121622392106
1310,-31.48345453127556,-67.30091093967356
1311,-31.48554038208424,-67.2997923670496
1568,-31.48862344487047,-67.29821116036392
1313,-31.60573462598749,-68.30580847340121
1317,-31.645469399126306,-68.281682446197
1322,-31.293055922328065,-67.53762503382768
1323,-31.29440001211287,-67.5399810075753
1324,-31.295453030608307,-67.54224596545033
1325,-31.296463971949823,-67.54640397615663
1326,-31.29724399185898,-67.54979202523761
1327,-31.29741095937016,-67.550762984901
1328,-31.297294031820897,-67.55321796052093
1329,-31.29847898147229,-67.5562589988106
1330,-31.299036964766383,-67.56002901121911
1331,-31.29981103352428,-67.56561798043487
1332,-31.301288008682143,-67.5723939947778
1333,-31.3018500152898,-67.57405503652929
1334,-31.30319003014984,-67.57711300626336
1335,-31.30382697097185,-67.57856198586465
1336,-31.305765034623157,-67.58319399319531
1337,-31.308682020745906,-67.59468600153869
1343,-31.65678742971581,-68.26792800079492
1344,-31.656443391254037,-68.26781121840251
1345,-31.65622713392549,-68.26813968669477
1348,-31.633672213441493,-68.29843046870671
1349,-31.6336777462748,-68.29838919651014
1353,-31.662392266761813,-68.28612108957321
1814,-31.66126166508732,-68.28591513724443
1355,-31.62506228393277,-68.31453337948851
1358,-31.623399963539534,-68.31048665859481
1359,-31.623331697700483,-68.31093119973269
1361,-31.661025861951774,-68.21794784073029
1767,-31.67428441741525,-68.3260684204716
1408,-31.65641536752403,-68.28995885083728
1377,-31.682326512772462,-68.21100672192262
1380,-31.659990952559703,-68.30080224937745
1379,-31.659407298546213,-68.30419292557035
1645,-31.65951380743667,-68.30443341410417
1383,-31.63957975453571,-68.27156382107052
1384,-31.63843738585397,-68.27129920367477
1386,-31.635078547129236,-68.27068572944904
1389,-31.634955701395956,-68.27046338745926
1399,-31.63339346797057,-68.27005841211664
1776,-31.623206998930968,-68.26731744779542
1750,-31.62443540255688,-68.26175311837758
1808,-31.64975963809252,-68.27282264164472
1392,-31.65045168486473,-68.26970915004722
1393,-31.650783815054503,-68.26978187285505
1394,-31.650981843954995,-68.26982506450156
1396,-31.64861652751095,-68.26926809482447
1759,-31.64895378241744,-68.2693492601973
1395,-31.647711596740358,-68.26905148876455
1801,-31.647355070159744,-68.26968740112184
1802,-31.647474549253943,-68.26899475405574
1402,-31.6426928105776,-68.25824636879132
1646,-31.65953721051016,-68.30447029244505
1405,-31.658832750793287,-68.30842854551406
1406,-31.658595318338843,-68.30976438175446
1410,-31.65612464495801,-68.28936613493673
1415,-31.61202629225124,-68.333164253477
1419,-31.62123043382932,-68.31620845555787
1427,-31.61191868067159,-68.30758068452661
1765,-31.704581544000085,-68.28649352715067
1431,-31.682843663579817,-68.27486139720617
1779,-31.683369727356407,-68.27164748474465
1432,-31.67998371016543,-68.2666102814881
1434,-31.68527525120529,-68.26073118737946
1733,-31.682212709555447,-68.2600642575677
1437,-31.661287495101213,-68.30113144251641
1438,-31.662245323835783,-68.29811195026524
1773,-31.631369786484715,-68.29254751557113
1445,-31.632693939609844,-68.28387529348146
1447,-31.600714386912497,-68.27239975725756
1448,-31.601537574764627,-68.27200844632326
1449,-31.603835047927596,-68.27042235126895
1450,-31.60655007783651,-68.26842834370619
1451,-31.607685186290794,-68.26718373158539
1452,-31.608891680972505,-68.26492658668846
1453,-31.609298770686998,-68.26409252885442
1456,-31.646952300537283,-68.27562457852086
1460,-31.58789779178499,-67.66000373798717
1461,-31.587883214367057,-67.66032603105349
1462,-31.588462545040283,-67.66154748385571
1463,-31.589207781593007,-67.6632258201417
1464,-31.590154120591627,-67.66264053413468
1466,-31.466106170704133,-67.35357732404293
1467,-31.465221066015243,-67.35423879809416
1468,-31.46433383547559,-67.35485593784091
1469,-31.464294268772203,-67.3549515228266
1470,-31.464206947275656,-67.35519125552048
1471,-31.46358017856233,-67.35552087552514
1472,-31.46310404360388,-67.3557325760361
1473,-31.46293810704413,-67.35536817326992
1474,-31.46278261772664,-67.35510973899059
1637,-31.65498254409295,-68.28215093766374
1483,-31.60716367371142,-68.24215287068917
1631,-31.642845962249314,-68.2793065076524
1489,-31.65593570837909,-68.2895834266259
1490,-31.656014915114184,-68.28925756837086
1495,-31.67236580448929,-68.21262140522413
1497,-31.628133651274517,-68.30266273680421
1503,-31.66470220296299,-68.27268075269687
1511,-31.64115347222776,-68.28597548460618
1512,-31.63927431285341,-68.28552847366973
1513,-31.639324796526857,-68.28522794234847
1529,-31.64056289379121,-68.3068564191888
1696,-31.74289906774296,-67.9914553916953
1516,-31.74398696581452,-67.99166155378188
1517,-31.743269766340852,-67.98858994805752
1518,-31.743502954008232,-67.9886279566457
1521,-31.650489076140055,-68.27357901787592
1522,-31.6507198087268,-68.27233118108443
1523,-31.65237674065677,-68.27269163238768
1524,-31.65277608964557,-68.27025632703796
1525,-31.65324754374068,-68.26745964235286
1526,-31.65298257473705,-68.26739162658986
1530,-31.63738848271517,-68.3060858809725
1532,-31.646922070292767,-68.28481140536938
1810,-31.664092910218955,-68.24277713603959
1537,-31.664727940399885,-68.24288820188033
1538,-31.665848440050613,-68.24309383161805
1540,-31.66010493512533,-68.25809232242842
1541,-31.48799377399635,-67.29732408456343
1542,-31.478475133328395,-67.2581348837903
1543,-31.48899544516644,-67.29802036488206
1544,-31.492374086740245,-67.29639630431735
1545,-31.49529105047179,-67.29507001982925
1546,-31.499676200851752,-67.28722955994168
1547,-31.51047441171209,-67.27330341325202
1548,-31.510708028359563,-67.26706768471203
1549,-31.513696904007272,-67.26241513659096
1550,-31.51961105269209,-67.25717345938314
1551,-31.52244280563626,-67.25462934244005
1552,-31.53116016296484,-67.24505364881651
1553,-31.532497774115768,-67.2407553654678
1554,-31.53515854377874,-67.23763959110802
1555,-31.537504480492192,-67.23543756134748
1556,-31.54286086614917,-67.23310823536697
1557,-31.547872157967483,-67.22870719466322
1558,-31.55264796637652,-67.2219591625016
1559,-31.556168162426317,-67.21630616003493
1560,-31.560242099297515,-67.20968922876975
1561,-31.56369348946638,-67.2040078295056
1562,-31.567908281975303,-67.19928534209008
1563,-31.571363787042426,-67.19518310254365
1564,-31.5749411486884,-67.18956133350969
1565,-31.576336014558407,-67.17609331099447
1566,-31.580337655019715,-67.16987316471541
1570,-31.66298118169226,-68.27367710301544
1644,-31.639110504529956,-68.27833123443641
1571,-31.639082049881537,-68.27847947440439
1573,-31.748743557258663,-68.02835198789228
1574,-31.748377366277968,-68.02789089003663
1575,-31.748023908028724,-68.0275051109405
1576,-31.747218024149483,-68.02664293397727
1577,-31.746274382203524,-68.02558940512243
1578,-31.7455208655171,-68.0247270922134
1579,-31.745227883884457,-68.02443991977563
1580,-31.74495918746709,-68.0238697870228
1581,-31.744785191469425,-68.02337620522749
1582,-31.744547947290084,-68.02282687959453
1583,-31.74408672854361,-68.02202281560137
1584,-31.74318137428894,-68.02120364649524
1585,-31.742707219454253,-68.02077222058222
1586,-31.74200834291861,-68.02006304220711
1587,-31.74169230346523,-68.01974234890656
1588,-31.74139810646651,-68.0194546992757
1589,-31.74099022061529,-68.01903354291314
1590,-31.74033345188508,-68.01830733872413
1591,-31.740159166304387,-68.01787766121453
1592,-31.74007828085692,-68.01767825083945
1593,-31.7401302194924,-68.01704414963284
1594,-31.74023929877513,-68.01657624519079
1595,-31.74034614252923,-68.01575680677294
1596,-31.74063039224681,-68.01448023122953
1597,-31.74071887761415,-68.01310163546968
1598,-31.74078913124059,-68.01163590468761
1599,-31.740725269194684,-68.01097011670664
1600,-31.74060694516036,-68.0103399134778
1601,-31.74050143017021,-68.00950185771674
1602,-31.74044035343832,-68.00863449189072
1603,-31.740597282968384,-68.00810692713794
1604,-31.74093526878941,-68.00726758040992
1605,-31.741021305097515,-68.00706238692499
1606,-31.741766082561693,-68.00572063299556
1607,-31.74215574083817,-68.00491946367484
1608,-31.742347736778967,-68.00422486484891
1609,-31.742479499796616,-68.0029923692148
1610,-31.742556763071487,-68.00138872232914
1611,-31.74258564864069,-67.99962777157772
1612,-31.74257648607694,-67.99878344961947
1613,-31.742573622606592,-67.99801685755618
1614,-31.742486254018218,-67.99740536826626
1615,-31.74234556546769,-67.99683065892428
1616,-31.741973246485685,-67.99599813041219
1617,-31.74133359746745,-67.99498264537492
1618,-31.740789438251987,-67.99406203042153
1619,-31.635445122388504,-68.27740647649398
1622,-31.63691384217601,-68.27796103918271
1623,-31.63840280562988,-68.27815226031332
1624,-31.638379164587832,-68.27828274876234
1625,-31.635400959275756,-68.27764492731733
1626,-31.63464753298349,-68.28164088331326
1627,-31.634195000031625,-68.28407755460523
1628,-31.63395317981989,-68.28435045254666
1630,-31.63506715564868,-68.27944715483657
1632,-31.642504984528948,-68.28114018684522
1638,-31.654255464291808,-68.28198328008448
1642,-31.63959880678672,-68.27845472485052
1647,-31.6565296354952,-68.30374559643633
1648,-31.656333086097117,-68.30347234924344
1649,-31.656005743827517,-68.30543707164482
1650,-31.65526559872998,-68.30982740439671
1651,-31.65609581645223,-68.31000590313599
1652,-31.65662314894484,-68.30558670204776
1654,-31.66532842386385,-68.3055523998557
1728,-31.663031728126867,-68.30503399443563
1655,-31.655901456606724,-68.30605689805088
1656,-31.65549036975151,-68.30849464014821
1659,-31.642843428324465,-68.28910412434043
1660,-31.64310224281576,-68.28917798405523
1663,-31.64385984448204,-68.28854030561803
1664,-31.58234227448703,-68.34550268948078
1665,-31.58642035467564,-68.3517203082829
1666,-31.58785295672716,-68.35379557684062
1667,-31.588158980011947,-68.35507800802588
1668,-31.59877082069026,-68.33808841251957
1669,-31.59848967567088,-68.33822426386178
1670,-31.596385566517707,-68.339075865224
1671,-31.59635203890504,-68.33911299705504
1672,-31.587302265688773,-68.35525033995508
1722,-31.70341919851545,-68.2296868128774
1677,-31.699036608377256,-68.27115366483459
1678,-31.638712547882744,-68.2804043761667
1679,-31.638358068171375,-68.27839919128542
1680,-31.636464299707075,-68.28031985883668
1682,-31.472412162330592,-67.29957057803432
1685,-31.59507739647105,-68.28924730361177
1693,-31.594563458000565,-68.28922722150385
1689,-31.62770117275154,-68.24308779715318
1690,-31.62818370567929,-68.2404648889283
1691,-31.630998728406816,-68.24114000491514
1697,-31.74064533576433,-67.99381182387378
1698,-31.74046445818172,-67.99348975281868
1699,-31.7402209181303,-67.99305610905178
1700,-31.739951105015063,-67.99257568952886
1701,-31.73981115714788,-67.99232650573943
1704,-31.680685996664696,-68.28779158697876
1707,-31.68039332591907,-68.25255441904051
1710,-31.45761144278394,-67.17113001713261
1716,-31.5745531622457,-68.34726867799651
1720,-31.578347501372644,-68.29981147579393
1721,-31.578280983250966,-68.29980979058364
1729,-31.662816776279183,-68.30517711249232
1736,-31.613632652704865,-68.3231885703256
1738,-31.66384784702081,-68.31494968193562
1739,-31.6639611148721,-68.31484387148016
1740,-31.664240624211825,-68.31318655902668
1745,-31.6852076398839,-68.33146386623253
1803,-31.62511711910769,-68.25784533698837
1752,-31.599393977568003,-67.68364713383608
1760,-31.64900084090957,-68.2690674336776
1761,-31.649361082211623,-68.26690986709346
1762,-31.64981492119171,-68.26702033540906
1766,-31.70164732127215,-68.28574732969291
1764,-31.70168030266452,-68.28554717271649
1768,-31.6736609657248,-68.32980021294215
1772,-31.68865749175116,-68.268647238892
1791,-31.696389715249712,-68.15655746355006
1777,-31.69685168999553,-68.15685663440387
1778,-31.697011236579804,-68.15841302316831
1781,-31.70217681780581,-68.28253368062815
1783,-31.602386229350333,-68.32010037260761
1784,-31.607227100334185,-68.3212099253571
1786,-31.694390925479315,-68.16057074358753
1787,-31.694461812678068,-68.15944413569022
1788,-31.694678196864725,-68.15877718090535
1789,-31.6949820046795,-68.15832926492241
1790,-31.69544527107005,-68.1577609231599
1792,-31.697265679526296,-68.1554382102402
1793,-31.700934858214804,-68.15040436047121
1794,-31.705101808978107,-68.14469714531644
1795,-31.70596176814713,-68.14352034951318
1796,-31.706528384973197,-68.14307404968835
1797,-31.707605499908414,-68.14225027192067
1798,-31.709212962554176,-68.141231851207
1799,-31.710093652342227,-68.14062976293611
1806,-31.64979113293317,-68.27134617160608
1807,-31.649989617333937,-68.27152861954973
1815,-31.659993090877894,-68.28566585887206
x_2,-31.67619594352691,-68.27984711479357
x_10,-31.660568378219867,-68.26349774548629
x_79,-31.66095218545403,-68.27164800093104
x_80,-31.655875191042963,-68.28012924397139
x_84,-31.66115728026308,-68.276493801565
x_85,-31.64975963809252,-68.27282264164472
x_86,-31.647726870938687,-68.28439227988717
x_87,-31.648698279328,-68.27961461672264
x_200,-31.6454974591386,-68.28591808517035
x_278,-31.61296871624204,-68.32864787232252
x_337,-31.66192070622409,-68.25531988937554
x_531,-31.663046835203307,-68.23456268140545
x_540,-31.585624328934703,-68.28729621378578
x_541,-31.58239548164644,-68.28954377874433
x_551,-31.65492579329957,-68.29548787714025
x_594,-31.588341077849208,-68.34535008930705
x_637,-31.60231735876299,-68.31815224090563
x_644,-31.7061053994974,-68.21191095023909
x_656,-31.5745531622457,-68.34726867799651
x_659,-31.607014522251745,-68.29200589184117
x_781,-31.603074938171247,-68.31378554684814
x_784,-31.65293670401503,-68.23851611003542
x_805,-31.590822064078,-68.31116522614873
x_821,-31.653999805470143,-68.23238773468728
x_828,-31.662245323835783,-68.29811195026524
x_14,-31.65943007237795,-68.27851585904368
x_15,-31.65929243202858,-68.28089552751118
x_17,-31.658972738845986,-68.28534344232573
x_20,-31.612071335059383,-68.27913477236571
x_50,-31.65049666202676,-68.27708509521062
x_51,-31.65072464462513,-68.27411622038376
x_1243,-31.6648617441679,-68.30950321867827
x_1244,-31.66567124256367,-68.30463615617334
x_1245,-31.666612265324822,-68.29912260772144
x_1289,-31.69225950696105,-68.22205850858636
x_1318,-31.593295559208727,-68.29538809878918
x_1326,-31.675072786702447,-68.25143094112067
x_1352,-31.665107696349985,-68.31981344011206
x_5030,-31.597109390116284,-67.69278504432991
x_1353,-31.669688094208457,-68.3208881002902
x_1984,-31.680679262821112,-68.21988070053577
x_2064,-31.679921080985714,-68.22379063758012
x_2065,-31.702601190053382,-68.19286073298348
x_2073,-31.696342605740902,-68.3360505710602
x_2074,-31.60499647531171,-68.3356724269032
x_151,-31.683369727356407,-68.27164748474465
x_2286,-31.702285165428584,-68.30095594168563
x_81,-31.65460820606694,-68.27914870201252
x_82,-31.65173953484302,-68.28134910253924
x_83,-31.65357625817663,-68.27895930727509
x_202,-31.6397512952482,-68.29084560229761
x_204,-31.59861932494265,-68.30448585726465
x_242,-31.66433010512389,-68.24138998186642
x_252,-31.626354549213527,-68.30355111463396
x_335,-31.64577481649184,-68.28019491756267
x_400,-31.70865841604036,-68.2307679300863
x_2377,-31.759678722985097,-68.06069518459212
x_2395,-31.58118462464567,-68.2961957649357
x_2548,-31.686557170239176,-68.2521882015769
x_2644,-31.719689971379417,-68.13417225470319
x_3022,-31.636660884726044,-68.27771265452637
x_2645,-31.686938933480736,-68.28226248284577
x_2646,-31.64755494823253,-68.24500110147757
x_2660,-31.63851827603876,-68.32100202205986
x_11,-31.66010493512533,-68.25809232242842
x_12,-31.66227601183872,-68.269755590685
x_13,-31.665614074286605,-68.27044201515585
x_2666,-31.624520631798458,-68.31459389134494
x_2683,-31.67567253646728,-68.31731427964387
x_2724,-31.69240466887368,-68.25502944408544
x_2748,-31.61795445802441,-68.29841507832825
x_2937,-31.64348679027276,-68.29311139171915
x_2950,-31.68555286139406,-68.32458165661006
x_2951,-31.69527361373529,-68.20581877273483
x_2952,-31.70877693703916,-68.19456954810998
x_2953,-31.621008014500983,-68.28121720654508
x_2954,-31.664501093110417,-68.28304823063223
x_2955,-31.66116358738364,-68.28983714125995
x_2961,-31.694569670756024,-68.18536786768003
x_2963,-31.680685996664696,-68.28779158697876
x_2964,-31.702527368940288,-68.2719993746315
x_2968,-31.69592157864529,-68.24176402261317
x_2969,-31.672230205602617,-68.26562516498707
x_2970,-31.624361584511924,-68.33182788521127
x_2971,-31.63042256063537,-68.33248626888921
x_2972,-31.6715387942028,-68.26978809652192
x_2975,-31.670366856484204,-68.3143839319091
x_146,-31.64981492119171,-68.26702033540906
x_152,-31.647355070159744,-68.26968740112184
x_19,-31.625590960010467,-68.282487842739
x_21,-31.601641269415094,-68.27640921641516
x_24,-31.6234275918364,-68.26737080829864
x_25,-31.621882655196195,-68.2762710425481
x_27,-31.621889681497542,-68.2529985692239
x_60,-31.6549219272814,-68.28391874009355
x_378,-31.65635611347272,-68.2724225783185
x_401,-31.68329199887019,-68.3098647199428
x_2977,-31.648528554422388,-68.33073783993594
x_2978,-31.67133174355552,-68.2787753207328
x_2979,-31.66938897285361,-68.2826277181372
x_2981,-31.67006187925077,-68.29268563336173
x_2984,-31.71036041997036,-68.25654546026433
x_2987,-31.67998371016543,-68.2666102814881
x_2993,-31.688977784821468,-68.23978641239252
x_2996,-31.669967435585505,-68.27269363235976
x_2997,-31.6426928105776,-68.25824636879132
x_2999,-31.66945534903532,-68.21192833252373
x_33,-31.62755774526209,-68.24385698459288
x_45,-31.6478516004213,-68.26675828491601
x_47,-31.64360749367265,-68.27932453901208
x_3000,-31.625879938039567,-68.25343896683877
x_3001,-31.59155096527375,-68.3063597846093
x_3002,-31.641510108692103,-68.23340124587526
x_3003,-31.619885019991926,-68.28749417693159
x_3006,-31.641024647530045,-68.28745560916238
x_3009,-31.649983464552587,-68.28216958886816
x_3010,-31.66545599322828,-68.23495767173367
x_3011,-31.642134723889004,-68.30046550872117
x_3012,-31.64975420701608,-68.2878799568691
x_3013,-31.606981158599982,-68.34137394700186
x_3014,-31.60515240422574,-68.30567139595632
x_3015,-31.600714386912497,-68.27239975725756
x_3016,-31.596797297927303,-68.26445754189433
x_3017,-31.634203195456013,-68.27547110351286
x_3019,-31.638547828883365,-68.29950334529379
x_3020,-31.59166226717337,-68.3171622100321
x_3021,-31.624610948129483,-68.30431726067368
x_3117,-31.58647244559191,-68.29408339656653
x_5001,-31.60511294649851,-67.71144550381143
x_5002,-31.599469799738387,-67.68334385059934
x_5007,-31.57619092739542,-67.52655073971081
x_48,-31.646952300537283,-68.27562457852086
x_49,-31.64919095800392,-68.27678737829372
x_52,-31.652644105192525,-68.2745573355126
x_53,-31.65718393879856,-68.27178909336901
x_54,-31.65622713392549,-68.26813968669477
x_55,-31.65633980290965,-68.27424473143516
x_56,-31.656260204160663,-68.2766241802354
x_5008,-31.4970149120896,-67.35632224463886
x_5009,-31.466075945689727,-67.35338888971451
x_5012,-31.45869140431243,-67.29941865844772
x_5013,-31.47232350923807,-67.3006954968848
x_5015,-31.476567757471567,-67.30202148966384
x_5016,-31.47088932418218,-67.28667766445203
x_5017,-31.47806583211189,-67.30238787513755
x_5018,-31.47152058574236,-67.2923634275288
x_5019,-31.582667052392,-67.16860593409884
x_5025,-31.46714756035034,-67.29982621043955
x_5026,-31.74373859314408,-67.86740840676059
x_5027,-31.47254227173149,-67.29853263020507
x_5028,-31.462609178952903,-67.29865070466678
x_57,-31.657120236492386,-68.27792043477636
x_59,-31.65098135374703,-68.28118511221044
x_61,-31.65472867146947,-68.28606821127492
x_71,-31.6632913886579,-68.26937866507461
x_72,-31.66347887805333,-68.26419727806552
x_75,-31.659806628868186,-68.2683359266407
x_76,-31.662248711493547,-68.27991717873917
x_77,-31.65255800498527,-68.28535645713968
x_78,-31.65494398473406,-68.27183914236834
x_433,-31.64106522526669,-68.30656622825896
x_439,-31.62123043382932,-68.31620845555787
x_505,-31.64486378731096,-68.28357579003976
x_520,-31.69915398002698,-68.25272127582069
x_523,-31.69251963915121,-68.28782579539865
x_524,-31.68901443485456,-68.32575825865472
x_527,-31.70355525979944,-68.24337922267073
x_833,-31.6913326263791,-68.29514624352757
x_835,-31.612632903459843,-68.2933397556786
x_840,-31.656545427557813,-68.28696617025629
x_859,-31.59607900892691,-68.34471599802592
x_956,-31.70020852191068,-68.28537557781964
x_957,-31.691237537170885,-68.28321487185838
x_958,-31.69424510452022,-68.27746963501227
x_1067,-31.646629207150152,-68.23122018770412
x_1106,-31.681265811258545,-68.323588592879
x_1231,-31.67916776720701,-68.29690802945127
x_1355,-31.66247613360198,-68.32301514824825
x_1357,-31.689796815926,-68.23522414180697
x_1374,-31.657790176838184,-68.33251930469596
x_1382,-31.69597518289616,-68.22813842212273
x_1488,-31.663116717367,-68.2484850634056
x_1649,-31.66826533958533,-68.21857521023789
x_1759,-31.666667799271504,-68.22775167211529
x_1874,-31.62019879618284,-68.32389130030728
x_1945,-31.625015887304524,-68.32499655726609
x_1951,-31.707052373368764,-68.2729735092415
x_1973,-31.695156495533325,-68.19335186190375
x_22,-31.59698860711007,-68.27349202910179
x_58,-31.65497590227088,-68.27697492051165
x_560,-31.710056673940013,-68.25674750805722
x_2109,-31.6524836299296,-68.30976786259791
x_2228,-31.578347501372644,-68.29981147579393
x_2242,-31.73339853837667,-67.9785577209446
x_2258,-31.703411250226686,-68.29404193734926
x_2792,-31.680985642478174,-68.23141087765262
x_2794,-31.70217681780581,-68.28253368062815
x_2795,-31.695938338369743,-68.20236974215423
x_2796,-31.736178454842698,-67.9801031341922
x_2797,-31.737210662379987,-67.98695053806715
x_5029,-31.594033619280044,-67.66686654814214
x_3029,-31.658404806840736,-68.22012560540747
x_35,-31.63765765993808,-68.25589468358487
x_88,-31.656055884088623,-68.28904437008141
x_3035,-31.640986060394315,-68.23779600287861
x_3034,-31.623134799386364,-68.28180684896819
x_3032,-31.6296739680212,-68.29592992638916
x_2243,-31.66258035304337,-68.2515551937171
x_137,-31.67511277515083,-68.32212711032477
x_107,-31.657925922242303,-68.29710508672703
x_95,-31.667906488945462,-68.2729205906868
x_3036,-31.632693939609844,-68.28387529348146
x_2799,-31.645550718709888,-68.31527396429874
x_2934,-31.67428441741525,-68.3260684204716
x_101,-31.743502954008232,-67.9886279566457
x_105,-31.649749921905183,-68.25584975162306
x_103,-31.68170425245065,-68.21435935979855
x_108,-31.658595318338843,-68.30976438175446
x_99,-31.661287495101213,-68.30113144251641
x_2929,-31.67018104891928,-68.27782465206106
x_2935,-31.62663282535248,-68.24907991771933
x_2939,-31.61920486973027,-68.31215159141708
x_2940,-31.64802980499704,-68.28856905644497
x_2941,-31.63699685581137,-68.25972116285827
x_2943,-31.642504984528948,-68.28114018684522
x_2944,-31.61191868067159,-68.30758068452661
x_2947,-31.577406639931016,-68.3306134237374
x_97,-31.65804257535106,-68.28794385230091
x_109,-31.68128251915184,-68.28426474003486
x_106,-31.63738848271517,-68.3060858809725
x_5031,-31.45761144278394,-67.17113001713261
x_116,-31.66298118169226,-68.27367710301544
x_113,-31.65277608964557,-68.27025632703796
x_132,-31.638712547882744,-68.2804043761667
x_131,-31.63835806817137,-68.27839919128542
x_130,-31.636464299707075,-68.28031985883668
x_129,-31.63464753298349,-68.28164088331326
x_128,-31.63506715564868,-68.27944715483657
x_142,-31.587302265688773,-68.35525033995508
x_138,-31.59635203890504,-68.33911299705504
x_127,-31.65609581645223,-68.31000590313599
x_102,-31.623331697700483,-68.31093119973269
x_2948,-31.581982074809588,-68.31458929393273
x_2949,-31.69549247156172,-68.27014824324176
x_6005,-31.645573745409635,-68.28562896480373
x_6006,-31.67768095976967,-68.24881380525869
x_1,-31.674757478157385,-68.29364407301964
x_5011,-31.518752272605724,-67.38924747612222
x_3,-31.66812946652552,-68.27805584649332
x_5,-31.67350366513965,-68.2581361035903
x_6,-31.664213542127868,-68.27561644340152
x_7,-31.665949290347505,-68.27599970582577
x_8,-31.66292029950942,-68.27687672099671
x_9,-31.659069434451848,-68.27315620463293
x_6003,-31.651472685164137,-68.25369247006181
x_18,-31.65749471934135,-68.28074484641188
x_23,-31.61165015882394,-68.26451635559737
x_2800,-31.67125807563896,-68.30700146564278
x_94,-31.66126166508732,-68.28591513724443
x_31,-31.60716367371142,-68.24215287068917
x_34,-31.638334753032705,-68.2520191870684
x_36,-31.63606420609637,-68.26497966808472
x_37,-31.635595993178207,-68.26777815106342
x_38,-31.63339346797057,-68.27005841211664
x_39,-31.63330125627872,-68.28049168612668
x_40,-31.63879208243768,-68.27620636541185
x_41,-31.638204734734323,-68.271239563294
x_42,-31.65103310877208,-68.24839355702383
x_43,-31.649162582591487,-68.25925323795299
x_46,-31.64661100027886,-68.27318816121917
x_104,-31.665848440050613,-68.24309383161805
x_124,-31.65662314894484,-68.30558670204776
x_125,-31.655901456606724,-68.30605689805088
x_126,-31.65549036975151,-68.30849464014821
x_122,-31.630998728406816,-68.24114000491514
x_100,-31.594563458000565,-68.28922722150385
x_110,-31.7405648982625,-67.99101307033347
x_62,-31.65081234260768,-68.28512014233402
x_63,-31.647344025701788,-68.28430970615122
x_65,-31.65736209440904,-68.27602467065994
x_66,-31.64861652751095,-68.26926809482447
x_67,-31.682212709555447,-68.2600642575677
x_68,-31.65385941027338,-68.27605605549834
x_69,-31.663045057654585,-68.27214035927587
x_70,-31.654255464291808,-68.28198328008448
x_73,-31.6563539523792,-68.28456195299232
x_74,-31.66470220296299,-68.27268075269687
x_111,-31.740789438251987,-67.99406203042153
x_112,-31.68587068961769,-68.2820246629636
x_115,-31.663031728126867,-68.30503399443563
x_3030,-31.580975562289648,-68.3000439272104
x_143,-31.6736609657248,-68.32980021294215
x_117,-31.6783557856896,-68.25927582913359
x_118,-31.68039332591907,-68.25255441904051
x_292,-31.643352523630863,-68.29213858785921
x_205,-31.67182389548607,-68.33119868481704
x_207,-31.62813365127452,-68.30266273680421
x_208,-31.646771467143505,-68.27411694562862
x_209,-31.628344582532293,-68.29905708526495
x_210,-31.654963366319503,-68.22619598670433
x_211,-31.639771910900635,-68.29082528693702
x_236,-31.62778733663256,-68.31128089172996
x_237,-31.616082023994533,-68.30826163861973
x_239,-31.63724833557165,-68.29265143533664
x_241,-31.645689588901707,-68.27875076537919
x_238,-31.63415381078432,-68.295043202853
x_570,-31.704689908040663,-68.28683071449974
x_582,-31.701152105285992,-68.30740138989677
x_592,-31.581199270040266,-68.336151770042
x_593,-31.587045509444145,-68.32992067933385
x_596,-31.615071829193727,-68.34738411137793
x_604,-31.61811758320992,-68.2945596921026
x_609,-31.66495150355829,-68.29158770389205
x_635,-31.6783927315704,-68.30183981836781
x_645,-31.662829837821924,-68.22117265611367
x_646,-31.708267634592247,-68.20069090912095
x_651,-31.583833443602543,-68.30073550576657
x_695,-31.640317651664667,-68.2409232242538
x_848,-31.67734434942277,-68.30807031575922
x_969,-31.6943710638784,-68.16162247788776
x_967,-31.59878233486337,-68.33802691562096
x_968,-31.682494508374194,-68.28128252127377
x_1213,-31.68811489362726,-68.31391296445622
x_1000,-31.598558149080635,-68.31886906428826
x_1002,-31.689259484982063,-68.30730032897131
x_1032,-31.6392077458311,-68.31400889662855
x_1046,-31.69772925366077,-68.32727734466465
x_1105,-31.58020226905558,-68.34032887559525
x_1212,-31.678995065567538,-68.3237434774526
x_1228,-31.66853693852384,-68.23572990648087
x_1236,-31.614714599282927,-68.31689053512498
x_1354,-31.66447683612532,-68.33388433305828
x_1356,-31.69899070280825,-68.22876584911566
x_114,-31.65298257473705,-68.26739162658986
x_1533,-31.641368050263743,-68.28586089658891
x_1543,-31.63734519194878,-68.32771664914429
x_1569,-31.65433903183921,-68.298843316532
x_1592,-31.67358023979109,-68.23685684914669
x_1594,-31.646920802421256,-68.2909991853498
x_1595,-31.64490177700607,-68.28935767752596
x_1638,-31.71097805628529,-68.25150554644608
x_1678,-31.672023465498057,-68.22312180195067
x_1962,-31.73553718760381,-67.98337054522267
x_1963,-31.74398696581452,-67.99166155378188
x_2088,-31.71184699424868,-68.24591584928008
x_2171,-31.654842716999777,-68.31741838342349
x_2297,-31.65001222497009,-68.30220903300524
x_2298,-31.691454008842737,-68.22719647983944
x_2299,-31.648021988203023,-68.30860939742026
x_2300,-31.65250721198096,-68.30279140659377
x_2396,-31.708660950731502,-68.26467146928096
x_2428,-31.63197991425877,-68.28906116115327
x_2478,-31.67740242779353,-68.23743868892127
x_2479,-31.66122078352087,-68.33032952748185
x_2543,-31.589181473593232,-68.32051330548556
x_2549,-31.68839122444945,-68.21226238615203
x_2583,-31.69420817407052,-68.17183313140093
x_2643,-31.697903245646767,-68.31362806430175
x_98,-31.639324796526857,-68.28522794234847
x_2798,-31.662976498169066,-68.28175280236772
x_2897,-31.66102586195177,-68.21794784073029
x_2898,-31.60556535053715,-68.300152351238
x_2922,-31.741535948518344,-68.1094207930349
x_2923,-31.695302567123985,-68.29873625673467
x_2924,-31.698720566996258,-68.22144161966109
x_2927,-31.68108671010733,-68.24559526376555
x_2928,-31.671008215715645,-68.27293623005517
x_2930,-31.66771339805752,-68.22183439079636
x_2931,-31.633898417684744,-68.31275772634994
x_2932,-31.642987653799096,-68.28820040432757
x_2933,-31.650981843954995,-68.26982506450156
x_2942,-31.59518458265892,-68.28438147558454
x_2956,-31.70179144421768,-68.23620752649485
x_2957,-31.690744044934263,-68.29855308896236
x_2958,-31.66754023773108,-68.29360152244838
x_2959,-31.703183910952244,-68.22963826384105
x_2960,-31.71603979508201,-68.20306184104906
x_2962,-31.70114565161544,-68.25700160595723
x_2965,-31.684717512536714,-68.26377434805799
x_2966,-31.697110162493463,-68.2625080046788
x_2967,-31.69970072259657,-68.31607719015645
x_2973,-31.67957424260216,-68.29491233578608
x_2974,-31.678424075310005,-68.23079759199331
x_2976,-31.73439010209609,-67.98043223100966
x_2980,-31.78093419978653,-67.99186959985221
x_2982,-31.70533000582728,-68.21591175967704
x_2985,-31.647390307190484,-68.30156997291498
x_2986,-31.70246709134052,-68.21471399613615
x_2988,-31.685363700593552,-68.29632965031792
x_2989,-31.682843663579817,-68.27486139720617
x_2991,-31.69381512418202,-68.2134157833215
x_2992,-31.692205905833937,-68.32617697170687
x_2994,-31.66243128937144,-68.28585962204667
x_2995,-31.659519342723662,-68.318482172741
x_2998,-31.600185245184857,-68.32986359962328
x_3004,-31.65671992758979,-68.21758663820371
x_3005,-31.61195220954853,-68.33358209360277
x_3018,-31.59631132317356,-68.2895321962189
x_3023,-31.616218454633657,-68.3159974951456
x_3024,-31.601810446023464,-68.32088501455861
x_3025,-31.645469399126306,-68.281682446197
x_3026,-31.643124175190373,-68.28629814806021
x_3027,-31.613632652704865,-68.3231885703256
x_3028,-31.646068790341825,-68.28795067659608
x_5000,-31.69840775811452,-67.81792226798285
x_5003,-31.59024427080012,-67.65839441176911
x_5004,-31.587242413115828,-67.65861973170021
x_5005,-31.590154120591627,-67.66264053413468
x_5006,-31.606619267689155,-67.64984276105076
x_5010,-31.46248927545357,-67.35440687631464
x_135,-31.699036608377256,-68.27115366483459
x_6001,-31.61456439442881,-68.3078638292904
x_6008,-31.63010528265042,-68.24873686793603
x_6009,-31.6373293575476,-68.29278131154904
x_6010,-31.643153258785453,-68.28691015288821
x_6002,-31.688472466798537,-68.20999773729078
x_6007,-31.671168904161657,-68.21724088830088
x_6011,-31.696660378412123,-68.20764547509656
x_6012,-31.670287660139643,-68.21904233430303
x_6015,-31.70350849746941,-68.23289169380024
x_6013,-31.633672213441493,-68.29843046870671
x_6016,-31.67236580448929,-68.21262140522413
x_5020,-31.286265961818096,-67.5302249751978
x_5021,-31.27926672445041,-67.52782911367593
x_5022,-31.27494166852942,-67.52168375139176
x_6004,-31.679355216991823,-68.2967534120125
x_5023,-31.26342211154504,-67.51531647162582
x_5024,-31.308682020745906,-67.59468600153869
x_2480,-31.68865749175116,-68.268647238892
x_2801,-31.694464752504548,-68.18143408945036
x_2802,-31.751266519341144,-68.09221879044239
x_2803,-31.74896877604423,-68.02866840212421
x_91,-31.663395645437408,-68.27812538288377
x_90,-31.658662230807032,-68.26829375847
x_89,-31.665681926848496,-68.27276111146755
x_93,-31.662683355131303,-68.27547449314893
x_92,-31.661551774360625,-68.27524458665029
x_3033,-31.62199141151789,-68.32684863558616
x_3031,-31.64073879170972,-68.30160440911386
x_2584,-31.640157018534875,-68.31140797416467
x_2302,-31.65120614429657,-68.24588338619989
x_96,-31.658055890696225,-68.2828720020302
x_119,-31.61616939831473,-68.3230124851439
x_120,-31.68607243825424,-68.26801554357172
x_121,-31.631369786484715,-68.29254751557113
x_123,-31.61604912691314,-68.26558247635622
x_134,-31.6635346201809,-68.31685067751242
x_133,-31.664240624211825,-68.31318655902668
x_136,-31.588462824620333,-68.32489479211776
x_139,-31.588682362467463,-68.30183992271209
x_140,-31.66117006189303,-68.33334066969974
x_141,-31.62443540255688,-68.26175311837758
x_5032,-31.47202009681459,-67.3009289951863
x_5033,-31.607250523687743,-67.65441103350591
x_5034,-31.478475133328395,-67.2581348837903
x_147,-31.607227100334185,-68.3212099253571
x_145,-31.697011236579804,-68.15841302316831
x_144,-31.62511711910769,-68.25784533698837
x_148,-31.65001150586591,-68.27002086782741
x_149,-31.6633933510174,-68.24686771461656
x_150,-31.667344687471445,-68.22389661937619
x_5014,-31.46225146566292,-67.35402254896344
x_154,-31.688114,-68.313904
x_153,-31.678475,-68.323725
