13446853_p,-8.10234928131104,-79.104248046875
13555564_p,-8.09179019927979,-79.0830612182617
13555570_p,-8.09193411045,-79.0826256593
13555616_p,-8.09206647032,-79.0821840624
13555627_p,-8.09220027923584,-79.0817565917969
13555633_p,-8.09230709075928,-79.0813064575195
13555649_p,-8.09239482879639,-79.0808410644531
13555660_p,-8.09250164031982,-79.0803756713867
13555666_p,-8.0925989151001,-79.0799179077148
13602065_p,-8.09278392791748,-79.078987121582
13602070_p,-8.09286167213,-79.0785423193
13602075_p,-8.08722877502441,-79.0974884033203
13912616_p,-8.09969806671143,-79.0651626586914
13912631_p,-8.09608840942383,-79.0552444458008
13981264_p,-8.09296989440918,-79.0780868530273
13981269_p,-8.09305763244629,-79.0776138305664
13981274_p,-8.09315490722656,-79.0771560668945
13981279_p,-8.09325212272,-79.0767043201
13981290_p,-8.09344673156738,-79.0757293701172
13981299_p,-8.0935173034668,-79.0753555297852
13981304_p,-8.09359645843506,-79.074951171875
13981309_p,-8.09369468688965,-79.0745544433594
13981314_p,-8.09378156987,-79.0741394859
13981324_p,-8.09503650665283,-79.0716018676758
13981329_p,-8.09386356449,-79.0737172666
13981334_p,-8.09397792816162,-79.0733184814453
13981339_p,-8.09413714158,-79.0729148527
13981344_p,-8.09435278901,-79.0725191217
13981354_p,-8.09475827085,-79.0719112005
14016067_p,-8.09530448913574,-79.0960006713867
14016068_p,-8.09531307220459,-79.0958251953125
14016081_p,-8.09577369689941,-79.0958480834961
14016088_p,-8.09613609313965,-79.0958404541016
14016207_p,-8.08600616455078,-79.1145401000977
14016214_p,-8.08580829177,-79.1144963538
14016221_p,-8.08578965868,-79.1145825483
14016237_p,-8.08568294751,-79.1150874903
14016246_p,-8.0855770111084,-79.1155776977539
14016254_p,-8.08555030822754,-79.1156845092773
16144232_p,-8.10250496688,-79.0643935249
16144242_p,-8.10007667541504,-79.0574035644531
16370734_p,-8.10353159508,-79.1036828676
16370741_p,-8.10388211515,-79.1032674619
16370748_p,-8.10423263467,-79.1028520646
16370756_p,-8.10458315355,-79.1024366575
16370763_p,-8.10493368087,-79.1020212497
16370770_p,-8.10528419856,-79.1016058413
16370777_p,-8.10563476107,-79.1011904772
16370784_p,-8.1059852322,-79.1007750313
16370792_p,-8.1063357481,-79.1003596208
16370799_p,-8.10668626341,-79.0999442095
2166300_p,-8.09917545318604,-79.0673675537109
2912993_p,-8.09130297893,-79.0542754937
2912998_p,-8.09129873067,-79.0538962641
2913003_p,-8.09130764007568,-79.0535659790039
2913008_p,-8.09129810333252,-79.0534744262695
2913013_p,-8.09190503139,-79.0536709222
2913018_p,-8.09194946289063,-79.0536651611328
2913100_p,-8.09228515625,-79.0538177490234
2913105_p,-8.09264755249023,-79.0539398193359
2913110_p,-8.09320831298828,-79.0541381835938
2913115_p,-8.09348964691162,-79.0542602539063
2913120_p,-8.09413121184,-79.0544809347
2913125_p,-8.09466648101807,-79.0546951293945
2913130_p,-8.09502165401,-79.0548452919
2913136_p,-8.09534645080566,-79.0550231933594
2913141_p,-8.09560012817383,-79.0550384521484
2913146_p,-8.0958890914917,-79.0551376342773
2913152_p,-8.0959529876709,-79.0551681518555
2913157_p,-8.0971212387085,-79.0555572509766
2913162_p,-8.09782891946,-79.0558561919
2913167_p,-8.0984525680542,-79.0561218261719
2913172_p,-8.09908676147461,-79.0563888549805
2913177_p,-8.09973907470703,-79.0566177368164
2913182_p,-8.10036373138428,-79.0568923950195
2913188_p,-8.10098054411,-79.0571550722
2913193_p,-8.10115242004395,-79.0572357177734
2913225_p,-8.1010913848877,-79.057861328125
2913230_p,-8.10096836090088,-79.0584411621094
2913235_p,-8.10080814361572,-79.0590438842773
2913240_p,-8.10071112722,-79.0594068579
2913245_p,-8.10057735443115,-79.0599975585938
2913250_p,-8.100444838,-79.0606305792
2913255_p,-8.10034805566,-79.0611051652
2913260_p,-8.10025978088379,-79.0615921020508
2913265_p,-8.10012722015381,-79.0623245239258
2913270_p,-8.10002136230469,-79.0628356933594
2913275_p,-8.09991550445557,-79.0632858276367
2913280_p,-8.09986116403,-79.0635454739
2913285_p,-8.0997200012207,-79.0641784667969
2913290_p,-8.09959697723389,-79.0647583007813
2913296_p,-8.099609375,-79.0655746459961
2913308_p,-8.09952163696289,-79.0660247802734
2913314_p,-8.09942436218262,-79.0664825439453
2913320_p,-8.09931890093,-79.0669279036
2915466_p,-8.0989875793457,-79.0677795410156
2915480_p,-8.09872722625732,-79.0681533813477
2915486_p,-8.09844979209,-79.0685394793
2915494_p,-8.09813476118,-79.0688899956
2915505_p,-8.09778213500977,-79.069206237793
2915511_p,-8.0974416345,-79.0695152976
2915533_p,-8.0970975492,-79.0698244388
2915538_p,-8.09676551818848,-79.0701293945313
2915549_p,-8.09645938873291,-79.0703964233398
2915555_p,-8.09611633242,-79.070688405
2915571_p,-8.09577465057373,-79.0709762573242
2915583_p,-8.09543228149414,-79.0712738037109
2915600_p,-8.09122180938721,-79.0852127075195
2915605_p,-8.09132004878,-79.0849035207
2915610_p,-8.09141826629639,-79.0846099853516
2915615_p,-8.09155178070068,-79.0841751098633
2915620_p,-8.09169387817383,-79.0837249755859
2915625_p,-8.09182739257813,-79.0832748413086
3819265_p,-8.09834861755371,-79.0627899169922
3819265_p_1,-8.09834861755371,-79.0627899169922
3819265_p_2,-8.09834861755371,-79.0627899169922
3810140_p,-8.08455753326416,-79.1140441894531
3810140_p_1,-8.08455753326416,-79.1140441894531
3810140_p_2,-8.08455753326416,-79.1140441894531
3810149_p,-8.08211326599121,-79.1133193969727
3810149_p_1,-8.08211326599121,-79.1133193969727
3810149_p_2,-8.08211326599121,-79.1133193969727
3838518_p,-8.0990514755249,-79.1105499267578
3838518_p_1,-8.0990514755249,-79.1105499267578
3838518_p_2,-8.0990514755249,-79.1105499267578
3747428_p,-8.10166754403,-79.1070358957
3747428_p_1,-8.10166754403,-79.1070358957
3747428_p_2,-8.10166754403,-79.1070358957
3806703_p,-8.08954048156738,-79.0891418457031
3806703_p_1,-8.08954048156738,-79.0891418457031
3806703_p_2,-8.08954048156738,-79.0891418457031
3806706_p,-8.08649969853,-79.088578358
3806706_p_1,-8.08649969853,-79.088578358
3806706_p_2,-8.08649969853,-79.088578358
3812590_p,-8.08809947967529,-79.0998764038086
3812590_p_1,-8.08809947967529,-79.0998764038086
3812590_p_2,-8.08809947967529,-79.0998764038086
3806721_p,-8.08754362723,-79.0928987017
3806721_p_1,-8.08754362723,-79.0928987017
3806721_p_2,-8.08754362723,-79.0928987017
3823263_p,-8.0892164292,-79.1027299499
3823263_p_1,-8.0892164292,-79.1027299499
3823263_p_2,-8.0892164292,-79.1027299499
3808184_p,-8.09695816040039,-79.0630645751953
3808184_p_1,-8.09695816040039,-79.0630645751953
3808184_p_2,-8.09695816040039,-79.0630645751953
4002335_p,-8.10180739435,-79.0657393132
4002335_p_1,-8.10180739435,-79.0657393132
4002335_p_2,-8.10180739435,-79.0657393132
14070073_p,-8.099906396,-79.065243388
14070073_p_1,-8.099906396,-79.065243388
14070073_p_2,-8.099906396,-79.065243388
4002336_p,-8.09131526947021,-79.0857772827148
4002336_p_1,-8.09131526947021,-79.0857772827148
4002336_p_2,-8.09131526947021,-79.0857772827148
3806768_p,-8.08982372283936,-79.0897369384766
3806768_p_1,-8.08982372283936,-79.0897369384766
3806768_p_2,-8.08982372283936,-79.0897369384766
3806374_p,-8.08788776397705,-79.0952758789063
3806374_p_1,-8.08788776397705,-79.0952758789063
3806374_p_2,-8.08788776397705,-79.0952758789063
3817748_p,-8.08675161491,-79.1077831952
3817748_p_1,-8.08675161491,-79.1077831952
3817748_p_2,-8.08675161491,-79.1077831952
3806239_p,-8.09433413633,-79.1053555159
3806239_p_1,-8.09433413633,-79.1053555159
3806239_p_2,-8.09433413633,-79.1053555159
3822095_p,-8.09413048362,-79.1023367761
3822095_p_1,-8.09413048362,-79.1023367761
3822095_p_2,-8.09413048362,-79.1023367761
3806259_p,-8.09111309051514,-79.1044845581055
3806259_p_1,-8.09111309051514,-79.1044845581055
3806259_p_2,-8.09111309051514,-79.1044845581055
3808226_p,-8.10192787329,-79.062723664
3808226_p_1,-8.10192787329,-79.062723664
3808226_p_2,-8.10192787329,-79.062723664
3832430_p,-8.0943717956543,-79.1151657104492
3832430_p_1,-8.0943717956543,-79.1151657104492
3832430_p_2,-8.0943717956543,-79.1151657104492
3837814_p,-8.08154761798,-79.1044330583
3837814_p_1,-8.08154761798,-79.1044330583
3837814_p_2,-8.08154761798,-79.1044330583
3812828_p,-8.1038122177124,-79.0615234375
3812828_p_1,-8.1038122177124,-79.0615234375
3812828_p_2,-8.1038122177124,-79.0615234375
3806227_p,-8.10099697113037,-79.1030426025391
3806227_p_1,-8.10099697113037,-79.1030426025391
3806227_p_2,-8.10099697113037,-79.1030426025391
3833751_p,-8.08563167921,-79.1019522612
3833751_p_1,-8.08563167921,-79.1019522612
3833751_p_2,-8.08563167921,-79.1019522612
4002387_p,-8.10016059875488,-79.061653137207
4002387_p_1,-8.10016059875488,-79.061653137207
4002387_p_2,-8.10016059875488,-79.061653137207
3807864_p,-8.09984016418457,-79.0551223754883
3807864_p_1,-8.09984016418457,-79.0551223754883
3807864_p_2,-8.09984016418457,-79.0551223754883
3823306_p,-8.10268497467041,-79.0639190673828
3823306_p_1,-8.10268497467041,-79.0639190673828
3823306_p_2,-8.10268497467041,-79.0639190673828
4002388_p,-8.10067367553711,-79.0592422485352
4002388_p_1,-8.10067367553711,-79.0592422485352
4002388_p_2,-8.10067367553711,-79.0592422485352
3808444_p,-8.09869861602783,-79.0545654296875
3808444_p_1,-8.09869861602783,-79.0545654296875
3808444_p_2,-8.09869861602783,-79.0545654296875
3808199_p,-8.1045389175415,-79.058479309082
3808199_p_1,-8.1045389175415,-79.058479309082
3808199_p_2,-8.1045389175415,-79.058479309082
3812380_p,-8.09048693137,-79.0884700525
3812380_p_1,-8.09048693137,-79.0884700525
3812380_p_2,-8.09048693137,-79.0884700525
3747858_p,-8.08937111984,-79.1071907166
3747858_p_1,-8.08937111984,-79.1071907166
3747858_p_2,-8.08937111984,-79.1071907166
3832429_p,-8.08901309967041,-79.1175537109375
3832429_p_1,-8.08901309967041,-79.1175537109375
3832429_p_2,-8.08901309967041,-79.1175537109375
3813328_p,-8.08893966674805,-79.1154174804688
3813328_p_1,-8.08893966674805,-79.1154174804688
3813328_p_2,-8.08893966674805,-79.1154174804688
3813276_p,-8.08687877655029,-79.1154098510742
3813276_p_1,-8.08687877655029,-79.1154098510742
3813276_p_2,-8.08687877655029,-79.1154098510742
3810166_p,-8.08704566955566,-79.1184005737305
3810166_p_1,-8.08704566955566,-79.1184005737305
3810166_p_2,-8.08704566955566,-79.1184005737305
3813283_p,-8.08567191828,-79.11873436
3813283_p_1,-8.08567191828,-79.11873436
3813283_p_2,-8.08567191828,-79.11873436
3829947_p,-8.09990978240967,-79.0641174316406
3829947_p_1,-8.09990978240967,-79.0641174316406
3829947_p_2,-8.09990978240967,-79.0641174316406
3844387_p,-8.10313606262207,-79.104133605957
3844387_p_1,-8.10313606262207,-79.104133605957
3844387_p_2,-8.10313606262207,-79.104133605957
4002471_p,-8.10085966937,-79.0624011579
4002471_p_1,-8.10085966937,-79.0624011579
4002471_p_2,-8.10085966937,-79.0624011579
3747406_p,-8.1000862121582,-79.0573959350586
3747406_p_1,-8.1000862121582,-79.0573959350586
3747406_p_2,-8.1000862121582,-79.0573959350586
3817188_p,-8.08934688568115,-79.0883407592773
3817188_p_1,-8.08934688568115,-79.0883407592773
3817188_p_2,-8.08934688568115,-79.0883407592773
3832423_p,-8.08603286743164,-79.122184753418
3832423_p_1,-8.08603286743164,-79.122184753418
3832423_p_2,-8.08603286743164,-79.122184753418
3817921_p,-8.09753131866455,-79.056266784668
3817921_p_1,-8.09753131866455,-79.056266784668
3817921_p_2,-8.09753131866455,-79.056266784668
4002623_p,-8.09332088521,-79.095225868
4002623_p_1,-8.09332088521,-79.095225868
4002623_p_2,-8.09332088521,-79.095225868
13602024_p,-8.0926871193,-79.0794555597
13602024_p_1,-8.0926871193,-79.0794555597
13602024_p_2,-8.0926871193,-79.0794555597
13981349_p,-8.09454250335693,-79.0722045898438
13981349_p_1,-8.09454250335693,-79.0722045898438
13981349_p_2,-8.09454250335693,-79.0722045898438
3819054_p,-8.10076808929443,-79.0601348876953
3819054_p_1,-8.10076808929443,-79.0601348876953
3819054_p_2,-8.10076808929443,-79.0601348876953
3819053_p,-8.08742046356201,-79.0880584716797
3819053_p_1,-8.08742046356201,-79.0880584716797
3819053_p_2,-8.08742046356201,-79.0880584716797
3819057_p,-8.09506034851074,-79.1076126098633
3819057_p_1,-8.09506034851074,-79.1076126098633
3819057_p_2,-8.09506034851074,-79.1076126098633
3832428_p,-8.09003200203,-79.1189196174
3832428_p_1,-8.09003200203,-79.1189196174
3832428_p_2,-8.09003200203,-79.1189196174
13981284_p,-8.09334945678711,-79.0762329101563
13981284_p_1,-8.09334945678711,-79.0762329101563
13981284_p_2,-8.09334945678711,-79.0762329101563
3819161_p,-8.10113143920898,-79.0529556274414
3819161_p_1,-8.10113143920898,-79.0529556274414
3819161_p_2,-8.10113143920898,-79.0529556274414
3819554_p,-8.08954620361328,-79.0960388183594
3819554_p_1,-8.08954620361328,-79.0960388183594
3819554_p_2,-8.08954620361328,-79.0960388183594
3819652_p,-8.09610388644,-79.0548238871
3819652_p_1,-8.09610388644,-79.0548238871
3819652_p_2,-8.09610388644,-79.0548238871
3819909_p,-8.08897972106934,-79.1005935668945
3819909_p_1,-8.08897972106934,-79.1005935668945
3819909_p_2,-8.08897972106934,-79.1005935668945
3819925_p,-8.09349918365479,-79.1023254394531
3819925_p_1,-8.09349918365479,-79.1023254394531
3819925_p_2,-8.09349918365479,-79.1023254394531
3821714_p,-8.09405136108398,-79.1064453125
3821714_p_1,-8.09405136108398,-79.1064453125
3821714_p_2,-8.09405136108398,-79.1064453125
3821745_p,-8.08165073394775,-79.0936050415039
3821745_p_1,-8.08165073394775,-79.0936050415039
3821745_p_2,-8.08165073394775,-79.0936050415039
3822157_p,-8.0970516204834,-79.0906143188477
3822157_p_1,-8.0970516204834,-79.0906143188477
3822157_p_2,-8.0970516204834,-79.0906143188477
3843802_p,-8.09326362609863,-79.0983734130859
3843802_p_1,-8.09326362609863,-79.0983734130859
3843802_p_2,-8.09326362609863,-79.0983734130859
3822777_p,-8.09917880862,-79.0989928348
3822777_p_1,-8.09917880862,-79.0989928348
3822777_p_2,-8.09917880862,-79.0989928348
4002761_p,-8.09113025665283,-79.0888519287109
4002761_p_1,-8.09113025665283,-79.0888519287109
4002761_p_2,-8.09113025665283,-79.0888519287109
3823305_p,-8.10249710083008,-79.0644073486328
3823305_p_1,-8.10249710083008,-79.0644073486328
3823305_p_2,-8.10249710083008,-79.0644073486328
3823327_p,-8.09557807626,-79.0560119534
3823327_p_1,-8.09557807626,-79.0560119534
3823327_p_2,-8.09557807626,-79.0560119534
3823362_p,-8.09655284881592,-79.1077117919922
3823362_p_1,-8.09655284881592,-79.1077117919922
3823362_p_2,-8.09655284881592,-79.1077117919922
3823641_p,-8.09690189361572,-79.0915451049805
3823641_p_1,-8.09690189361572,-79.0915451049805
3823641_p_2,-8.09690189361572,-79.0915451049805
3824296_p,-8.08734798431396,-79.0881423950195
3824296_p_1,-8.08734798431396,-79.0881423950195
3824296_p_2,-8.08734798431396,-79.0881423950195
3825272_p,-8.08207024625,-79.0924075934
3825272_p_1,-8.08207024625,-79.0924075934
3825272_p_2,-8.08207024625,-79.0924075934
3843796_p,-8.09003257751465,-79.0977249145508
3843796_p_1,-8.09003257751465,-79.0977249145508
3843796_p_2,-8.09003257751465,-79.0977249145508
3829951_p,-8.10111999511719,-79.0638961791992
3829951_p_1,-8.10111999511719,-79.0638961791992
3829951_p_2,-8.10111999511719,-79.0638961791992
3830690_p,-8.09988689422607,-79.0536270141602
3830690_p_1,-8.09988689422607,-79.0536270141602
3830690_p_2,-8.09988689422607,-79.0536270141602
3843811_p,-8.09635243948,-79.0995026937
3843811_p_1,-8.09635243948,-79.0995026937
3843811_p_2,-8.09635243948,-79.0995026937
3831406_p,-8.09605884552002,-79.1005935668945
3831406_p_1,-8.09605884552002,-79.1005935668945
3831406_p_2,-8.09605884552002,-79.1005935668945
3831409_p,-8.09583759307861,-79.1016387939453
3831409_p_1,-8.09583759307861,-79.1016387939453
3831409_p_2,-8.09583759307861,-79.1016387939453
3832353_p,-8.09996128082275,-79.0576934814453
3832353_p_1,-8.09996128082275,-79.0576934814453
3832353_p_2,-8.09996128082275,-79.0576934814453
3833742_p,-8.08517806274,-79.1017054321
3833742_p_1,-8.08517806274,-79.1017054321
3833742_p_2,-8.08517806274,-79.1017054321
3833749_p,-8.0807638168335,-79.1109161376953
3833749_p_1,-8.0807638168335,-79.1109161376953
3833749_p_2,-8.0807638168335,-79.1109161376953
3833769_p,-8.08151626586914,-79.103401184082
3833769_p_1,-8.08151626586914,-79.103401184082
3833769_p_2,-8.08151626586914,-79.103401184082
3833877_p,-8.08578300476074,-79.0859756469727
3833877_p_1,-8.08578300476074,-79.0859756469727
3833877_p_2,-8.08578300476074,-79.0859756469727
3834146_p,-8.08607959747314,-79.1068420410156
3834146_p_1,-8.08607959747314,-79.1068420410156
3834146_p_2,-8.08607959747314,-79.1068420410156
3834151_p,-8.08319473266602,-79.1066741943359
3834151_p_1,-8.08319473266602,-79.1066741943359
3834151_p_2,-8.08319473266602,-79.1066741943359
3834761_p,-8.0959939956665,-79.0926513671875
3834761_p_1,-8.0959939956665,-79.0926513671875
3834761_p_2,-8.0959939956665,-79.0926513671875
3835138_p,-8.08418515615,-79.0981041636
3835138_p_1,-8.08418515615,-79.0981041636
3835138_p_2,-8.08418515615,-79.0981041636
3835272_p,-8.09896948567,-79.0581645481
3835272_p_1,-8.09896948567,-79.0581645481
3835272_p_2,-8.09896948567,-79.0581645481
3836499_p,-8.08868789672852,-79.0884704589844
3836499_p_1,-8.08868789672852,-79.0884704589844
3836499_p_2,-8.08868789672852,-79.0884704589844
3836995_p,-8.09268951416016,-79.1031875610352
3836995_p_1,-8.09268951416016,-79.1031875610352
3836995_p_2,-8.09268951416016,-79.1031875610352
3837609_p,-8.08891487121582,-79.1198348999023
3837609_p_1,-8.08891487121582,-79.1198348999023
3837609_p_2,-8.08891487121582,-79.1198348999023
3837992_p,-8.09530544281006,-79.0961456298828
3837992_p_1,-8.09530544281006,-79.0961456298828
3837992_p_2,-8.09530544281006,-79.0961456298828
3837995_p,-8.09455394744873,-79.0960235595703
3837995_p_1,-8.09455394744873,-79.0960235595703
3837995_p_2,-8.09455394744873,-79.0960235595703
3998784_p,-8.08320331573486,-79.0929412841797
3998784_p_1,-8.08320331573486,-79.0929412841797
3998784_p_2,-8.08320331573486,-79.0929412841797
3999222_p,-8.09827518463135,-79.1127243041992
3999222_p_1,-8.09827518463135,-79.1127243041992
3999222_p_2,-8.09827518463135,-79.1127243041992
3995136_p,-8.09247380133,-79.103705017
3995136_p_1,-8.09247380133,-79.103705017
3995136_p_2,-8.09247380133,-79.103705017
3997578_p,-8.08993625640869,-79.0963516235352
3997578_p_1,-8.08993625640869,-79.0963516235352
3997578_p_2,-8.08993625640869,-79.0963516235352
14016095_p,-8.09609889984131,-79.0957946777344
14016095_p_1,-8.09609889984131,-79.0957946777344
14016095_p_2,-8.09609889984131,-79.0957946777344
14016261_p,-8.08563329271,-79.1157023514
14016261_p_1,-8.08563329271,-79.1157023514
14016261_p_2,-8.08563329271,-79.1157023514
16370837_p,-8.10704708099365,-79.0995559692383
16370837_p_1,-8.10704708099365,-79.0995559692383
16370837_p_2,-8.10704708099365,-79.0995559692383
3832397_p,-8.0930118560791,-79.1162643432617
3832397_p_1,-8.0930118560791,-79.1162643432617
3832397_p_2,-8.0930118560791,-79.1162643432617
3806352_p,-8.08561754981,-79.1047337441
3806352_p_1,-8.08561754981,-79.1047337441
3806352_p_2,-8.08561754981,-79.1047337441
3805129_p,-8.09578401746,-79.0901517967
3805129_p_1,-8.09578401746,-79.0901517967
3805129_p_2,-8.09578401746,-79.0901517967
3805226_p,-8.09427261352539,-79.0956649780273
3805226_p_1,-8.09427261352539,-79.0956649780273
3805226_p_2,-8.09427261352539,-79.0956649780273
3819344_p,-8.09760665893555,-79.1088714599609
3819344_p_1,-8.09760665893555,-79.1088714599609
3819344_p_2,-8.09760665893555,-79.1088714599609
3827627_p,-8.10131454467773,-79.0648803710938
3827627_p_1,-8.10131454467773,-79.0648803710938
3827627_p_2,-8.10131454467773,-79.0648803710938
3747361_p,-8.0909106193,-79.0861709243
3747826_p,-8.10028171539307,-79.0624694824219
3747979_p,-8.09135695111,-79.0849244016
3747990_p,-8.08819198608398,-79.1159820556641
3747991_p,-8.08831596374512,-79.1153869628906
3747992_p,-8.08832454681396,-79.1153106689453
3747993_p,-8.08844184875488,-79.1153411865234
3748213_p,-8.10337612015,-79.0628668369
3748216_p,-8.10350894927979,-79.0624465942383
3748257_p,-8.08787155151367,-79.1152191162109
3748258_p,-8.08701229095459,-79.1150894165039
3748380_p,-8.08704376220703,-79.1004409790039
3748429_p,-8.09036064147949,-79.0884323120117
3748430_p,-8.09170999683,-79.0888739988
3748431_p,-8.09243392944336,-79.0890960693359
3748432_p,-8.09316730499268,-79.0893173217773
3805083_p,-8.10048580169678,-79.0654525756836
3805128_p,-8.09417199815,-79.0896459975
3805164_p,-8.09116649627686,-79.0886840820313
3805213_p,-8.08896823287,-79.0924019935
3805214_p,-8.08966527306,-79.0926526933
3805215_p,-8.09035320642,-79.0928853477
3805216_p,-8.09102439880371,-79.0931167602539
3805217_p,-8.09120434515,-79.0931903073
3805218_p,-8.09110736846924,-79.0934600830078
3805219_p,-8.09107930573,-79.0935257115
3805220_p,-8.09113383022,-79.0935528606
3805221_p,-8.09164101711,-79.093850222
3805222_p,-8.09214861032,-79.0941378028
3805223_p,-8.09284782409668,-79.0944366455078
3805224_p,-8.09328570809,-79.0953421601
3805225_p,-8.09393787384033,-79.0956039428711
3805256_p,-8.09567737579346,-79.1140213012695
3806170_p,-8.09075832366943,-79.0866394042969
3806218_p,-8.09985446929932,-79.1080780029297
3806219_p,-8.0991632012,-79.108962795
3806220_p,-8.09882068634033,-79.1094207763672
3806221_p,-8.09837055206299,-79.1099319458008
3806222_p,-8.09869659625,-79.1102225193
3806224_p,-8.1005277633667,-79.1070327758789
3806225_p,-8.10094974205,-79.1063729714
3806226_p,-8.10132122039795,-79.106689453125
3806233_p,-8.09953127017,-79.1084328648
3806238_p,-8.09333584326,-79.1060067891
3806241_p,-8.09660193627,-79.1083848242
3806243_p,-8.09756679658,-79.108319557
3806244_p,-8.09801959991455,-79.1082992553711
3806247_p,-8.09880638122559,-79.1082458496094
3806249_p,-8.10015964508057,-79.1076049804688
3806256_p,-8.08526761707,-79.1034472791
3806267_p,-8.09230995178223,-79.1051635742188
3806268_p,-8.09280872344971,-79.1055603027344
3806317_p,-8.08778476715088,-79.1002197265625
3806318_p,-8.09176540374756,-79.1047439575195
3806319_p,-8.08773612976074,-79.1014862060547
3806321_p,-8.08796310424805,-79.1017150878906
3806322_p,-8.08825486175,-79.1019678946
3806333_p,-8.08967639221,-79.1030993646
3806336_p,-8.08627414703369,-79.1001739501953
3806344_p,-8.08610381045,-79.1006580885
3806345_p,-8.08584594726563,-79.101448059082
3806346_p,-8.08541774749756,-79.1025161743164
3806347_p,-8.08520461702,-79.1035242736
3806348_p,-8.08527755737305,-79.1035461425781
3806349_p,-8.08563041687012,-79.1036911010742
3806350_p,-8.08596611022949,-79.1038131713867
3806351_p,-8.08590262393,-79.1039702726
3806357_p,-8.08677344651,-79.0985706589
3806358_p,-8.08645248413086,-79.0995330810547
3806372_p,-8.08815479278564,-79.0943756103516
3806373_p,-8.08788704768,-79.0952726158
3806378_p,-8.08701610565186,-79.0983505249023
3806456_p,-8.09557800293,-79.1138940029
3806516_p,-8.0902042388916,-79.1035079956055
3806612_p,-8.09446048736572,-79.10693359375
3806699_p,-8.08966126616,-79.0897141482
3806700_p,-8.0892448425293,-79.0895767211914
3806701_p,-8.08864663987,-79.0893907896
3806702_p,-8.08803081512451,-79.0891876220703
3806704_p,-8.08937248215,-79.0896797027
3806705_p,-8.08750516719,-79.0890139449
3806713_p,-8.08851051330566,-79.0931625366211
3806717_p,-8.08840370178223,-79.0935134887695
3806720_p,-8.08798599243164,-79.0930023193359
3806737_p,-8.09976850923,-79.0648392222
3806738_p,-8.10182571411133,-79.0659027099609
3806739_p,-8.10193538665771,-79.0660018920898
3806740_p,-8.1020336151123,-79.0657348632813
3806766_p,-8.0892972946167,-79.0911331176758
3806769_p,-8.08891201019287,-79.0919799804688
3808078_p,-8.10134888895,-79.1032015897
3808079_p,-8.10099697113037,-79.1029434204102
3808151_p,-8.10124400324,-79.0554519973
3808152_p,-8.10119247436523,-79.0542984008789
3808153_p,-8.10117244720459,-79.0539474487305
3808161_p,-8.10017593388,-79.0629603781
3808162_p,-8.10034370422363,-79.0622177124023
3808164_p,-8.10044956207275,-79.0617065429688
3808169_p,-8.10093593597412,-79.059326171875
3808170_p,-8.10113906860352,-79.0583801269531
3808171_p,-8.10125350952148,-79.0577545166016
3808172_p,-8.10129356384277,-79.0566253662109
3808174_p,-8.10126399993896,-79.0560302734375
3808177_p,-8.09899234771729,-79.0631561279297
3808178_p,-8.09844970703125,-79.0630111694336
3808180_p,-8.09825150839,-79.063050181
3808181_p,-8.09813404083252,-79.0633544921875
3808182_p,-8.09797189632,-79.0633857715
3808183_p,-8.09761905670166,-79.0632629394531
3808188_p,-8.10006046295166,-79.0635147094727
3808189_p,-8.10009574890137,-79.0633239746094
3808216_p,-8.09978093818,-79.0633587992
3808217_p,-8.09952580376,-79.0632879172
3808225_p,-8.10231781005859,-79.062858581543
3808227_p,-8.10040950775146,-79.0551681518555
3808230_p,-8.10367870330811,-79.061882019043
3808238_p,-8.10405781576,-79.059814644
3808239_p,-8.10417175292969,-79.0591888427734
3808240_p,-8.1042788203,-79.0587778705
3808241_p,-8.1042947769165,-79.0584106445313
3808439_p,-8.10079956054688,-79.0553131103516
3808440_p,-8.09985733032227,-79.0549926757813
3808443_p,-8.0990514755249,-79.0546875
3809351_p,-8.104079246521,-79.0607299804688
3810137_p,-8.08603286743164,-79.1144485473633
3810138_p,-8.08565190057,-79.114348605
3810139_p,-8.08512660023,-79.1141949595
3810143_p,-8.08362532301,-79.113771479
3810144_p,-8.08303642272949,-79.1135864257813
3810148_p,-8.08236694335938,-79.113395690918
3810150_p,-8.08682060241699,-79.1146469116211
3810156_p,-8.08728311001,-79.1151321286
3810162_p,-8.08678922407,-79.1177702407
3810167_p,-8.08712027663,-79.1185722382
3810843_p,-8.09984874725342,-79.064453125
3810844_p,-8.09991073608398,-79.0641708374023
3810847_p,-8.08876877716,-79.0923399474
3812179_p,-8.08414932452,-79.1139120849
3812367_p,-8.08721698682,-79.1007578363
3812368_p,-8.08737087249756,-79.1006317138672
3812540_p,-8.09079800219,-79.1047660045
3812545_p,-8.10173096166,-79.1035696177
3812600_p,-8.08847399747,-79.0931590007
3812602_p,-8.08938980102539,-79.0896301269531
3812623_p,-8.08556938171387,-79.1020660400391
3812627_p,-8.08862781821,-79.0927916858
3812631_p,-8.08750041347,-79.1012052092
3812635_p,-8.0910587310791,-79.1044540405273
3812636_p,-8.09032154083252,-79.105354309082
3812641_p,-8.08968353271484,-79.1062545776367
3812644_p,-8.09158420562744,-79.104606628418
3812694_p,-8.09509563446045,-79.0899353027344
3812832_p,-8.09940433502197,-79.054817199707
3812870_p,-8.09697949718,-79.1083616976
3812895_p,-8.10226535797119,-79.0650482177734
3812921_p,-8.08673095703125,-79.0991821289063
3812931_p,-8.09066772460938,-79.1038818359375
3813102_p,-8.10391076539,-79.0612137973
3813106_p,-8.10293292999268,-79.0630111694336
3813146_p,-8.09113025665283,-79.1042709350586
3813147_p,-8.09122085571289,-79.1043319702148
3813277_p,-8.08701038360596,-79.1147308349609
3813278_p,-8.08692073822021,-79.1186599731445
3813279_p,-8.08642482757568,-79.1189270019531
3813280_p,-8.08598232269287,-79.1191711425781
3813281_p,-8.08589267730713,-79.1192245483398
3813324_p,-8.08693981170654,-79.1150741577148
3813327_p,-8.088059425354,-79.1165924072266
3813887_p,-8.0999813079834,-79.063835144043
3814015_p,-8.1011209487915,-79.1063613891602
3814016_p,-8.10152419543,-79.1056810629
3814017_p,-8.10186576843262,-79.105110168457
3814018_p,-8.10221498624,-79.1044782202
3814019_p,-8.10236003602,-79.1042624361
3814021_p,-8.10226058959961,-79.1045455932617
3814022_p,-8.10252380371094,-79.1048583984375
3814023_p,-8.10256168483,-79.1049091303
3814024_p,-8.10257849132,-79.1047904267
3814235_p,-8.10131454467773,-79.0571212768555
3817189_p,-8.09011650085449,-79.0885848999023
3817190_p,-8.08975505828857,-79.0884704589844
3817742_p,-8.08516862429,-79.1036232764
3817743_p,-8.08498962339,-79.1041212798
3817744_p,-8.08480358123779,-79.1046524047852
3817745_p,-8.08461570739746,-79.1051864624023
3817746_p,-8.0844554901123,-79.1056976318359
3817747_p,-8.08425903320313,-79.1062316894531
3818224_p,-8.08974312671,-79.0897464567
3819050_p,-8.08722496032715,-79.0888824462891
3819051_p,-8.08676338195801,-79.0886917114258
3819052_p,-8.08728790283203,-79.0886764526367
3819055_p,-8.10061836242676,-79.0608978271484
3819056_p,-8.09444432913,-79.1071335335
3819058_p,-8.09546852111816,-79.1079330444336
3819059_p,-8.09587669372559,-79.108283996582
3819060_p,-8.0962212175,-79.108575123
3819061_p,-8.09656639081,-79.108923767
3819062_p,-8.09655666351318,-79.1085815429688
3819063_p,-8.09684085845947,-79.1093597412109
3819064_p,-8.09708809271,-79.10990836
3819065_p,-8.097243309021,-79.1105041503906
3819066_p,-8.09729099273682,-79.111083984375
3819067_p,-8.09720039367676,-79.1110153198242
3819341_p,-8.09752323373,-79.1084882339
3819342_p,-8.09753495771,-79.1088447399
3819343_p,-8.0975341796875,-79.1088790893555
3819549_p,-8.08778138479,-79.095591606
3819551_p,-8.0879513849,-79.0954576099
3819552_p,-8.08846967837,-79.0956573464
3819553_p,-8.08901129748,-79.0958397739
3819888_p,-8.09314632415771,-79.1023101806641
3819905_p,-8.08815288543701,-79.1016006469727
3819906_p,-8.088431255,-79.1013064825
3819907_p,-8.08867454528809,-79.1010208129883
3819908_p,-8.08890819549561,-79.1007537841797
3820125_p,-8.09116840362549,-79.0853958129883
3820126_p,-8.09107112884521,-79.085693359375
3820847_p,-8.10207748413086,-79.1039657592773
3821734_p,-8.08783286677,-79.0952493294
3821735_p,-8.08749771118164,-79.0948638916016
3821736_p,-8.08689172143,-79.0946868388
3821737_p,-8.08631134033203,-79.0944976806641
3821738_p,-8.08567714691162,-79.0943069458008
3821739_p,-8.08506202697754,-79.0941390991211
3821740_p,-8.08443775953,-79.0939879165
3821741_p,-8.08379459381104,-79.0938491821289
3821742_p,-8.0831606107,-79.0937399305
3821743_p,-8.08247375488281,-79.0936431884766
3821744_p,-8.0818129967,-79.0935282897
3822094_p,-8.09385108947754,-79.1023330688477
3822154_p,-8.09593772888184,-79.090202331543
3822155_p,-8.09651660919189,-79.0903701782227
3822156_p,-8.09707832336426,-79.0905456542969
3822369_p,-8.08493423461914,-79.1035537719727
3822370_p,-8.08467548813,-79.1041998645
3822371_p,-8.0844783782959,-79.1047592163086
3822372_p,-8.08431816101074,-79.1052627563477
3822373_p,-8.08416652679443,-79.1056976318359
3822374_p,-8.08398818969727,-79.1063079833984
3822375_p,-8.08423190526,-79.106399547
3822376_p,-8.08485794067383,-79.1065521240234
3822377_p,-8.08547306060791,-79.1066970825195
3822378_p,-8.0860071182251,-79.106819152832
3822772_p,-8.08976470333,-79.0961404089
3822773_p,-8.09027004241943,-79.0962677001953
3822774_p,-8.09070491790771,-79.0963821411133
3822775_p,-8.0907506942749,-79.0965423583984
3822776_p,-8.09056377410889,-79.09716796875
3823262_p,-8.0887609101,-79.102367464
3823326_p,-8.09568500518799,-79.0557632446289
3823636_p,-8.09586500189,-79.0900219977
3823637_p,-8.09647000006,-79.0902049994
3823638_p,-8.09707599773,-79.0903909996
3823639_p,-8.09722328186035,-79.0905914306641
3823640_p,-8.0970630645752,-79.0910720825195
3824292_p,-8.09379821562,-79.1063794201
3824293_p,-8.09388828277588,-79.1064529418945
3824294_p,-8.0939769744873,-79.106086730957
3824302_p,-8.08738422393799,-79.0881576538086
3825104_p,-8.09646415710449,-79.1082382202148
3825269_p,-8.08147051402,-79.0935449292
3825270_p,-8.0817928314209,-79.0929946899414
3825271_p,-8.08211612701416,-79.0924453735352
3827625_p,-8.10111045837402,-79.065673828125
3827626_p,-8.10123729705811,-79.0657196044922
3829948_p,-8.10010719299316,-79.0636901855469
3829949_p,-8.10062281217,-79.0638202616
3829950_p,-8.10110282897949,-79.0639572143555
3830686_p,-8.10093688964844,-79.053825378418
3830687_p,-8.10064697265625,-79.0537261962891
3830688_p,-8.10029411315918,-79.0536117553711
3830689_p,-8.10014057159424,-79.0536880493164
3831405_p,-8.09619140625,-79.1001281738281
3831407_p,-8.09591691215,-79.1011378303
3831408_p,-8.09579181671143,-79.1016082763672
3832393_p,-8.09493064880371,-79.1147613525391
3832394_p,-8.09442615509033,-79.1151504516602
3832395_p,-8.0939851789,-79.1155220764
3832396_p,-8.09352663785,-79.1158919065
3832398_p,-8.0925350189209,-79.1166763305664
3832399_p,-8.0919942855835,-79.1171417236328
3832400_p,-8.09152594919,-79.1175523202
3832401_p,-8.09113025665283,-79.1178741455078
3832402_p,-8.09070793274,-79.1181886367
3832403_p,-8.09073257446289,-79.1179733276367
3832404_p,-8.09048856721,-79.1179356544
3832405_p,-8.09002685546875,-79.1178588867188
3832406_p,-8.08951950073242,-79.1177368164063
3832407_p,-8.08887767791748,-79.1176071166992
3832408_p,-8.08826080098,-79.1174714772
3832409_p,-8.08785438537598,-79.1173858642578
3832410_p,-8.08711242675781,-79.1172256469727
3832411_p,-8.08638000488281,-79.117073059082
3832412_p,-8.08656179401,-79.1172346431
3832413_p,-8.09019271087,-79.1185819653
3832414_p,-8.08976936340332,-79.1189193725586
3832415_p,-8.08925628662109,-79.1193161010742
3832416_p,-8.08876991271973,-79.1196975708008
3832417_p,-8.08830097133,-79.1200748719
3832418_p,-8.08782386779785,-79.1204681396484
3832419_p,-8.08738231658936,-79.1208724975586
3832420_p,-8.08689594268799,-79.1212615966797
3832421_p,-8.08640095467,-79.1216826948
3832422_p,-8.08542823791504,-79.1225738525391
3832424_p,-8.08491516113281,-79.1229019165039
3832425_p,-8.08478450775146,-79.1221771240234
3832426_p,-8.08465385437012,-79.1212539672852
3832431_p,-8.08790016174316,-79.1173248291016
3832441_p,-8.08435535430908,-79.121208190918
3832442_p,-8.08588695526123,-79.1220092773438
3832443_p,-8.08558923396,-79.1221823002
3833740_p,-8.08559226989746,-79.1012802124023
3833741_p,-8.08523368835449,-79.1018676757813
3833743_p,-8.081787109375,-79.1132278442383
3833746_p,-8.08148384094238,-79.1122055053711
3833747_p,-8.08126449584961,-79.1116256713867
3833748_p,-8.08090019226074,-79.1110534667969
3833750_p,-8.08573913574219,-79.1016845703125
3833752_p,-8.0856294631958,-79.1015014648438
3833753_p,-8.08555698394775,-79.1014785766602
3833754_p,-8.0853328704834,-79.1017684936523
3833755_p,-8.08503532409668,-79.1021118164063
3833756_p,-8.08472053387,-79.102422555
3833757_p,-8.08431571595,-79.1026558717
3833758_p,-8.08386421203613,-79.102897644043
3833759_p,-8.08362102508545,-79.1030197143555
3833760_p,-8.08313487257,-79.1032658626
3833761_p,-8.08263778686523,-79.1035003662109
3833762_p,-8.0821590423584,-79.1037445068359
3833763_p,-8.08213191088,-79.1037253752
3833764_p,-8.0820867603,-79.1036978363
3833765_p,-8.08194160461426,-79.1036148071289
3833766_p,-8.08178806304932,-79.1035232543945
3833767_p,-8.08167934417725,-79.1034622192383
3833768_p,-8.08152474387,-79.1033724818
3833863_p,-8.08743953704834,-79.088249206543
3833864_p,-8.08745670318604,-79.0881958007813
3833865_p,-8.08748435974121,-79.0882720947266
3833867_p,-8.08694076538086,-79.0880432128906
3833868_p,-8.08639717102051,-79.0878067016602
3833869_p,-8.08621481138,-79.0876881067
3833870_p,-8.08588027954102,-79.0874099731445
3833871_p,-8.08574390411377,-79.0873184204102
3833872_p,-8.08564472198486,-79.0873336791992
3833873_p,-8.08571720123291,-79.0872344970703
3833874_p,-8.08572427512,-79.0870681774
3833875_p,-8.08574015763,-79.0865348893
3833876_p,-8.08571147918701,-79.0860443115234
3833879_p,-8.08490085601807,-79.1022109985352
3833897_p,-8.08169651031494,-79.1132202148438
3833899_p,-8.0815954208374,-79.1127166748047
3834147_p,-8.08388991137,-79.1066374473
3834148_p,-8.0837926864624,-79.1069641113281
3834149_p,-8.08369559248,-79.1072919134
3834150_p,-8.08316802841,-79.1067491738
3834758_p,-8.09683990478516,-79.091667175293
3834759_p,-8.09660720825195,-79.0922546386719
3834760_p,-8.09645557403564,-79.0927886962891
3835133_p,-8.08652400970459,-79.0994262695313
3835134_p,-8.08617973327637,-79.099235534668
3835135_p,-8.08565425872803,-79.0989532470703
3835136_p,-8.08513736724854,-79.0986557006836
3835137_p,-8.08464813232422,-79.0983734130859
3835258_p,-8.10104560852051,-79.0577697753906
3835259_p,-8.10100269317627,-79.0580902099609
3835260_p,-8.10098457336426,-79.058219909668
3835261_p,-8.10097532154,-79.0583041348
3835262_p,-8.10088719056,-79.0586830462
3835263_p,-8.10084342956543,-79.0588302612305
3835264_p,-8.10074520111084,-79.0591735839844
3835265_p,-8.10031128936,-79.0589899614
3835266_p,-8.09987545013428,-79.0587997436523
3835267_p,-8.09945869445801,-79.0586242675781
3835268_p,-8.0990514755249,-79.0584564208984
3835269_p,-8.09899838073,-79.0584099064
3835270_p,-8.09887043411,-79.0583555454
3835271_p,-8.09895038604736,-79.0581588745117
3836493_p,-8.08773803710938,-79.0883865356445
3836494_p,-8.08815479278564,-79.0885848999023
3836495_p,-8.08853396836,-79.0887651554
3836496_p,-8.08858966827393,-79.0887985229492
3836497_p,-8.0885534286499,-79.0886993408203
3836498_p,-8.08863353729248,-79.0884475708008
3836993_p,-8.09205150604248,-79.1040115356445
3836994_p,-8.0924015045166,-79.1034545898438
3836996_p,-8.09256839752197,-79.102424621582
3836997_p,-8.09243202209473,-79.1023101806641
3837807_p,-8.08472919464111,-79.1023025512695
3837808_p,-8.08425140380859,-79.1025619506836
3837809_p,-8.0837287902832,-79.102897644043
3837810_p,-8.08320670204,-79.1032465766
3837811_p,-8.08268260955811,-79.1035919189453
3837812_p,-8.0821418762207,-79.1039505004883
3837813_p,-8.0815918531,-79.1043041274
3837988_p,-8.09483242034912,-79.097526550293
3837989_p,-8.09502983093262,-79.0970687866211
3837990_p,-8.09517288208008,-79.096794128418
3837991_p,-8.0952615737915,-79.0963745117188
3837993_p,-8.09516048431396,-79.0960388183594
3837994_p,-8.09477996826172,-79.0960235595703
3838093_p,-8.0866174697876,-79.1000595092773
3838094_p,-8.08688964755,-79.0999679814
3838114_p,-8.09575046863,-79.1140865578
3838115_p,-8.09532737731934,-79.1144409179688
3838219_p,-8.09766599833,-79.0559410038
3838228_p,-8.1002197265625,-79.0570220947266
3843255_p,-8.09590816497803,-79.0552597045898
3843256_p,-8.09602499649,-79.0549940037
3843793_p,-8.09045787255,-79.0975995502
3843794_p,-8.09031200408936,-79.0975646972656
3843795_p,-8.09008631788,-79.0975063491
3843797_p,-8.09062957763672,-79.0976409912109
3843798_p,-8.09109973907471,-79.0977630615234
3843799_p,-8.09166145324707,-79.0979080200195
3843800_p,-8.09216785430908,-79.0980453491211
3843801_p,-8.09276485443115,-79.0981521606445
3843803_p,-8.09381580352783,-79.0984649658203
3843804_p,-8.09389495849609,-79.0981369018555
3843805_p,-8.0951530267,-79.0984233348
3843806_p,-8.09568691253662,-79.0985260009766
3843807_p,-8.09598541259766,-79.0985794067383
3843808_p,-8.09661960601807,-79.0987014770508
3843809_p,-8.09651418698,-79.0991203936
3843810_p,-8.09644985198975,-79.0991592407227
3843812_p,-8.09702694235,-79.0988066985
3843813_p,-8.09753322601318,-79.0988845825195
3843814_p,-8.09802284431,-79.0989340663
3843815_p,-8.09853744506836,-79.0989608764648
3843816_p,-8.09449291229248,-79.0982437133789
3843817_p,-8.09456443786621,-79.0981063842773
3843818_p,-8.09457397460938,-79.0982513427734
3844386_p,-8.102822195,-79.1044952002
3845016_p,-8.08774550736,-79.0957264965
3845017_p,-8.08773803710938,-79.0959854125977
3845018_p,-8.08798425262,-79.0964128753
3845019_p,-8.08778528142,-79.0968350481
3845020_p,-8.08730125427246,-79.0973205566406
3995135_p,-8.09246542353,-79.1036472602
3997570_p,-8.09020805358887,-79.0964279174805
3997575_p,-8.09023482661,-79.0963514764
3997576_p,-8.08998966217041,-79.0962905883789
3997577_p,-8.0900439426,-79.0963749788
3998776_p,-8.08270168304443,-79.0939178466797
3998777_p,-8.08296391884,-79.0939893851
3998778_p,-8.08298206329346,-79.0939865112305
3998779_p,-8.08298206329346,-79.0939788818359
3998780_p,-8.08301709252,-79.0938374061
3998781_p,-8.08303546905518,-79.0938262939453
3998782_p,-8.0831599955,-79.093296003
3998783_p,-8.08324813842773,-79.0929260253906
3999179_p,-8.09793949127197,-79.1103820800781
3999180_p,-8.09760799923,-79.1107769985
3999218_p,-8.09751796722412,-79.1112213134766
3999219_p,-8.09754467010498,-79.111198425293
3999220_p,-8.09773540496826,-79.1113891601563
3999221_p,-8.09862701798,-79.1123860849
4002334_p,-8.10186100006104,-79.0657119750977
4002470_p,-8.10044452239,-79.0622532068
483782_p,-8.08636713654,-79.1145350876
